month,supplier_id,category_id,otif_pct,defect_rate_pct,safety_incidents,invoice_accuracy_pct,responsiveness_score,service_level_score,sla_status
2025-01,SUP-001,CAT-001,80.7,2.77,0,96.9,88.2,86.4,Meets SLA
2025-02,SUP-001,CAT-001,84.6,2.24,0,91.5,86.4,87.3,Meets SLA
2025-03,SUP-001,CAT-001,81.1,2.87,0,86.8,92.3,85.3,Watch
2025-04,SUP-001,CAT-001,74.5,3.3,0,91.1,82.7,81.4,Watch
2025-05,SUP-001,CAT-001,94.1,2.84,0,93.8,88.4,90.6,Meets SLA
2025-06,SUP-001,CAT-001,85.3,1.09,0,90.3,66.3,85.3,Watch
2025-07,SUP-001,CAT-001,93.5,0.89,0,86.9,83.2,91.0,Meets SLA
2025-08,SUP-001,CAT-001,84.8,1.72,0,92.9,74.8,86.3,Meets SLA
2025-09,SUP-001,CAT-001,99,3.82,0,91.0,69.8,87.1,Meets SLA
2025-10,SUP-001,CAT-001,85.7,4.01,0,92.5,73.5,83.0,Watch
2025-11,SUP-001,CAT-001,81.6,3.51,0,89.7,86.3,84.0,Watch
2025-12,SUP-001,CAT-001,80.0,1.21,0,88.5,69.3,83.4,Watch
2026-01,SUP-001,CAT-001,83.7,2.43,0,94.2,82.6,86.4,Meets SLA
2026-02,SUP-001,CAT-001,83.5,2.43,0,89.7,82.4,85.6,Watch
2026-03,SUP-001,CAT-001,73.7,2.46,0,90.8,78.3,81.4,Watch
2026-04,SUP-001,CAT-001,85.5,3.25,0,89.8,77.4,84.2,Watch
2026-05,SUP-001,CAT-001,91.9,2.52,0,85.4,87.3,88.5,Meets SLA
2026-06,SUP-001,CAT-001,79.0,3.62,0,92.2,69.1,80.3,Watch
2025-01,SUP-002,CAT-001,87.3,0.64,0,96.0,91.9,92.3,Meets SLA
2025-02,SUP-002,CAT-001,88.9,0.15,0,99.8,87.1,93.4,Meets SLA
2025-03,SUP-002,CAT-001,85.1,0.98,0,95.9,83.6,89.5,Meets SLA
2025-04,SUP-002,CAT-001,91.4,0.1,0,91.2,93.5,94.0,Meets SLA
2025-05,SUP-002,CAT-001,89.1,1.14,0,95.9,99,93.5,Meets SLA
2025-06,SUP-002,CAT-001,93.8,1.84,0,95.1,85.3,91.6,Meets SLA
2025-07,SUP-002,CAT-001,90.2,1.83,0,95.0,92.9,91.7,Meets SLA
2025-08,SUP-002,CAT-001,97.5,0.75,0,93.9,86.0,94.4,Meets SLA
2025-09,SUP-002,CAT-001,89.3,0.4,0,94.3,91.4,93.0,Meets SLA
2025-10,SUP-002,CAT-001,90.6,1.67,0,95.6,86.2,90.9,Meets SLA
2025-11,SUP-002,CAT-001,96.8,1.23,1,88.9,99,92.4,Meets SLA
2025-12,SUP-002,CAT-001,88.7,1.23,0,99.8,72.6,89.2,Meets SLA
2026-01,SUP-002,CAT-001,99,0.83,0,90.1,91.5,95.1,Meets SLA
2026-02,SUP-002,CAT-001,95.3,2.81,0,97.3,95.0,92.9,Meets SLA
2026-03,SUP-002,CAT-001,91.0,1.33,0,93.0,87.0,91.2,Meets SLA
2026-04,SUP-002,CAT-001,87.1,1.16,0,96.1,95.4,92.1,Meets SLA
2026-05,SUP-002,CAT-001,91.2,2.08,0,94.2,82.1,89.6,Meets SLA
2026-06,SUP-002,CAT-001,91.6,0.97,0,91.1,95.2,93.1,Meets SLA
2025-01,SUP-003,CAT-001,78.8,2.37,0,87.2,72.8,81.8,Watch
2025-02,SUP-003,CAT-001,80.7,1.56,0,90.4,85.2,86.4,Meets SLA
2025-03,SUP-003,CAT-001,93.9,2.74,0,90.1,79.9,88.5,Meets SLA
2025-04,SUP-003,CAT-001,81.6,2.99,0,93.2,73.1,83.0,Watch
2025-05,SUP-003,CAT-001,74.3,3.41,0,91.2,68.2,78.5,Watch
2025-06,SUP-003,CAT-001,85.1,2.88,0,92.7,85.0,86.5,Meets SLA
2025-07,SUP-003,CAT-001,90.5,3.0,0,91.8,75.7,86.4,Meets SLA
2025-08,SUP-003,CAT-001,83.6,1.04,0,96.4,82.5,88.8,Meets SLA
2025-09,SUP-003,CAT-001,84.7,2.28,0,90.6,87.2,87.2,Meets SLA
2025-10,SUP-003,CAT-001,92.3,3.63,0,88.1,82.9,86.8,Meets SLA
2025-11,SUP-003,CAT-001,83.9,3.94,0,96.4,71.5,82.8,Watch
2025-12,SUP-003,CAT-001,81.4,1.0,0,92.6,73.7,85.8,Watch
2026-01,SUP-003,CAT-001,84.2,2.46,0,96.6,82.8,87.1,Meets SLA
2026-02,SUP-003,CAT-001,81.6,1.69,0,88.7,87.4,86.6,Meets SLA
2026-03,SUP-003,CAT-001,85.3,2.65,0,93.0,91.7,88.1,Meets SLA
2026-04,SUP-003,CAT-001,82.2,1.03,0,96.7,77.3,87.4,Meets SLA
2026-05,SUP-003,CAT-001,80.8,3.35,0,84.2,80.2,81.9,Watch
2026-06,SUP-003,CAT-001,78.7,2.9,0,93.8,87.0,84.7,Watch
2025-01,SUP-004,CAT-001,88.4,3.01,0,91.8,86.3,87.5,Meets SLA
2025-02,SUP-004,CAT-001,89.4,2.58,0,92.2,85.1,88.4,Meets SLA
2025-03,SUP-004,CAT-001,87.1,3.79,0,89.6,73.9,83.3,Watch
2025-04,SUP-004,CAT-001,83.9,2.07,0,91.1,71.4,84.4,Watch
2025-05,SUP-004,CAT-001,82.1,1.91,0,91.1,82.9,86.1,Meets SLA
2025-06,SUP-004,CAT-001,86.8,2.13,0,86.9,86.2,87.3,Meets SLA
2025-07,SUP-004,CAT-001,84.5,2.78,0,96.3,81.0,86.3,Meets SLA
2025-08,SUP-004,CAT-001,70.3,3.02,0,87.8,79.6,79.1,Watch
2025-09,SUP-004,CAT-001,82.6,2.27,0,89.6,77.6,84.5,Watch
2025-10,SUP-004,CAT-001,84.9,4.01,0,97.9,76.2,84.1,Watch
2025-11,SUP-004,CAT-001,79.7,1.75,0,90.2,83.8,85.5,Watch
2025-12,SUP-004,CAT-001,94.8,2.63,0,92.1,73.0,88.0,Meets SLA
2026-01,SUP-004,CAT-001,80.8,2.63,0,88.5,81.9,83.9,Watch
2026-02,SUP-004,CAT-001,97.7,4.31,0,91.2,87.0,89.0,Meets SLA
2026-03,SUP-004,CAT-001,81.9,2.97,0,89.6,76.3,83.1,Watch
2026-04,SUP-004,CAT-001,84.4,2.39,0,98.9,79.8,87.1,Meets SLA
2026-05,SUP-004,CAT-001,86.4,3.38,0,89.5,78.8,84.5,Watch
2026-06,SUP-004,CAT-001,86.6,0.54,0,95.5,94.3,92.6,Meets SLA
2025-01,SUP-005,CAT-001,86.8,2.22,0,91.1,95.5,89.6,Meets SLA
2025-02,SUP-005,CAT-001,83.9,1.98,0,93.8,80.9,86.8,Meets SLA
2025-03,SUP-005,CAT-001,94.2,2.7,0,92.7,76.2,88.4,Meets SLA
2025-04,SUP-005,CAT-001,92.9,0.14,0,99.3,89.0,95.1,Meets SLA
2025-05,SUP-005,CAT-001,97.2,1.68,0,91.1,82.1,91.7,Meets SLA
2025-06,SUP-005,CAT-001,93.9,0.28,0,99.8,77.8,93.4,Meets SLA
2025-07,SUP-005,CAT-001,85.8,1.79,0,96.5,76.5,87.4,Meets SLA
2025-08,SUP-005,CAT-001,83.5,2.36,0,91.3,89.6,87.2,Meets SLA
2025-09,SUP-005,CAT-001,87.9,0.6,0,90.8,95.7,92.4,Meets SLA
2025-10,SUP-005,CAT-001,80.7,2.64,0,86.7,88.0,84.7,Watch
2025-11,SUP-005,CAT-001,85.5,1.57,0,96.7,94.8,91.0,Meets SLA
2025-12,SUP-005,CAT-001,91.0,2.61,0,94.5,88.8,90.0,Meets SLA
2026-01,SUP-005,CAT-001,78.9,1.28,0,86.7,78.9,84.4,Watch
2026-02,SUP-005,CAT-001,87.9,2.09,0,97.4,99,92.0,Meets SLA
2026-03,SUP-005,CAT-001,88.2,2.1,0,92.2,81.9,88.1,Meets SLA
2026-04,SUP-005,CAT-001,92.6,3.18,0,93.4,79.5,87.9,Meets SLA
2026-05,SUP-005,CAT-001,90.3,1.04,0,98.9,72.5,89.9,Meets SLA
2026-06,SUP-005,CAT-001,86.6,0.69,0,93.3,88.2,90.9,Meets SLA
2025-01,SUP-006,CAT-002,95.6,1.48,1,92.4,81.9,89.1,Meets SLA
2025-02,SUP-006,CAT-002,84.5,1.86,0,90.3,77.5,85.9,Watch
2025-03,SUP-006,CAT-002,84.1,1.54,0,92.0,82.8,87.5,Meets SLA
2025-04,SUP-006,CAT-002,92.4,1.98,0,95.6,83.5,90.7,Meets SLA
2025-05,SUP-006,CAT-002,85.6,3.45,0,95.6,86.8,86.7,Meets SLA
2025-06,SUP-006,CAT-002,84.5,0.39,0,90.2,79.3,88.4,Meets SLA
2025-07,SUP-006,CAT-002,77.1,1.94,0,94.9,77.0,83.9,Watch
2025-08,SUP-006,CAT-002,94.8,2.83,0,91.4,95.7,91.8,Meets SLA
2025-09,SUP-006,CAT-002,92.0,1.92,0,89.4,76.6,88.2,Meets SLA
2025-10,SUP-006,CAT-002,83.9,1.79,0,87.4,89.9,87.5,Meets SLA
2025-11,SUP-006,CAT-002,84.4,2.42,0,99.8,76.7,86.7,Meets SLA
2025-12,SUP-006,CAT-002,89.0,2.03,0,86.7,84.5,87.9,Meets SLA
2026-01,SUP-006,CAT-002,85.4,1.34,0,91.7,99,91.1,Meets SLA
2026-02,SUP-006,CAT-002,81.6,1.5,0,95.9,83.0,87.4,Meets SLA
2026-03,SUP-006,CAT-002,86.7,1.01,0,95.9,82.9,90.0,Meets SLA
2026-04,SUP-006,CAT-002,87.3,1.01,0,93.3,82.1,89.5,Meets SLA
2026-05,SUP-006,CAT-002,76.9,1.35,0,94.2,85.5,86.1,Meets SLA
2026-06,SUP-006,CAT-002,84.7,0.92,0,89.1,84.4,88.4,Meets SLA
2025-01,SUP-007,CAT-002,95.9,2.79,0,90.2,91.2,91.1,Meets SLA
2025-02,SUP-007,CAT-002,84.8,1.95,0,94.8,89.4,88.9,Meets SLA
2025-03,SUP-007,CAT-002,90.0,0.43,0,97.2,91.3,93.7,Meets SLA
2025-04,SUP-007,CAT-002,86.9,1.8,0,94.8,81.6,88.4,Meets SLA
2025-05,SUP-007,CAT-002,82.2,1.72,0,87.8,89.0,86.9,Meets SLA
2025-06,SUP-007,CAT-002,91.0,0.75,0,98.5,93.4,94.2,Meets SLA
2025-07,SUP-007,CAT-002,83.8,0.59,0,92.0,82.4,88.7,Meets SLA
2025-08,SUP-007,CAT-002,80.1,2.5,0,99.8,92.3,87.8,Meets SLA
2025-09,SUP-007,CAT-002,94.8,1.57,0,99.4,81.5,92.4,Meets SLA
2025-10,SUP-007,CAT-002,87.1,2.46,0,99.8,83.0,88.7,Meets SLA
2025-11,SUP-007,CAT-002,89.2,2.33,0,94.3,86.5,89.3,Meets SLA
2025-12,SUP-007,CAT-002,95.8,1.2,0,96.3,90.1,94.3,Meets SLA
2026-01,SUP-007,CAT-002,90.5,2.11,0,98.1,81.3,89.8,Meets SLA
2026-02,SUP-007,CAT-002,88.2,1.68,0,98.0,92.6,91.6,Meets SLA
2026-03,SUP-007,CAT-002,87.4,1.27,0,96.8,75.7,88.7,Meets SLA
2026-04,SUP-007,CAT-002,85.0,1.93,0,88.9,82.9,86.7,Meets SLA
2026-05,SUP-007,CAT-002,93.2,0.71,0,93.5,89.7,93.5,Meets SLA
2026-06,SUP-007,CAT-002,89.5,0.41,0,91.4,82.2,90.9,Meets SLA
2025-01,SUP-008,CAT-002,84.5,2.95,0,88.7,86.9,85.8,Watch
2025-02,SUP-008,CAT-002,82.9,1.02,0,89.6,81.7,87.2,Meets SLA
2025-03,SUP-008,CAT-002,81.2,3.06,1,86.7,75.3,79.5,Watch
2025-04,SUP-008,CAT-002,94.1,2.74,0,90.0,81.1,88.7,Meets SLA
2025-05,SUP-008,CAT-002,90.3,2.12,0,84.0,93.2,89.4,Meets SLA
2025-06,SUP-008,CAT-002,79.2,1.77,0,90.4,80.5,84.7,Watch
2025-07,SUP-008,CAT-002,93.6,3.56,0,88.9,77.3,86.5,Meets SLA
2025-08,SUP-008,CAT-002,91.8,3.82,0,90.7,70.8,84.6,Watch
2025-09,SUP-008,CAT-002,83.9,2.55,0,91.7,77.0,84.9,Watch
2025-10,SUP-008,CAT-002,78.3,2.91,0,97.6,82.7,84.4,Watch
2025-11,SUP-008,CAT-002,77.8,1.54,0,90.4,67.6,82.2,Watch
2025-12,SUP-008,CAT-002,87.0,1.84,0,96.8,71.0,86.9,Meets SLA
2026-01,SUP-008,CAT-002,94.4,4.19,1,95.2,88.2,86.5,Meets SLA
2026-02,SUP-008,CAT-002,85.7,2.36,0,90.4,72.2,84.7,Watch
2026-03,SUP-008,CAT-002,86.5,4.6,0,90.6,81.2,83.4,Watch
2026-04,SUP-008,CAT-002,87.2,1.85,0,94.3,82.9,88.6,Meets SLA
2026-05,SUP-008,CAT-002,71.8,4.05,0,91.8,79.3,78.8,Watch
2026-06,SUP-008,CAT-002,85.6,2.67,0,88.7,81.8,85.7,Watch
2025-01,SUP-009,CAT-002,84.0,2.3,0,88.0,73.9,84.0,Watch
2025-02,SUP-009,CAT-002,96.7,3.24,0,99.8,96.7,93.5,Meets SLA
2025-03,SUP-009,CAT-002,99,1.94,0,91.4,81.0,91.9,Meets SLA
2025-04,SUP-009,CAT-002,84.2,3.77,0,93.8,99,87.6,Meets SLA
2025-05,SUP-009,CAT-002,87.0,1.45,0,95.5,82.2,89.2,Meets SLA
2025-06,SUP-009,CAT-002,82.7,1.33,0,95.4,85.9,88.5,Meets SLA
2025-07,SUP-009,CAT-002,93.5,0.73,0,94.8,71.8,90.6,Meets SLA
2025-08,SUP-009,CAT-002,87.7,3.23,0,94.7,86.6,87.5,Meets SLA
2025-09,SUP-009,CAT-002,84.8,0.88,0,97.9,80.9,89.5,Meets SLA
2025-10,SUP-009,CAT-002,90.6,3.37,0,91.9,82.0,87.1,Meets SLA
2025-11,SUP-009,CAT-002,87.7,1.74,0,94.4,91.5,90.5,Meets SLA
2025-12,SUP-009,CAT-002,86.6,1.28,0,93.0,88.2,89.9,Meets SLA
2026-01,SUP-009,CAT-002,85.8,2.08,0,93.7,90.3,89.0,Meets SLA
2026-02,SUP-009,CAT-002,89.1,2.58,0,92.2,72.0,85.9,Watch
2026-03,SUP-009,CAT-002,88.2,2.49,0,90.3,74.0,85.7,Watch
2026-04,SUP-009,CAT-002,84.0,0.91,0,97.9,85.2,89.9,Meets SLA
2026-05,SUP-009,CAT-002,86.5,1.75,0,94.4,86.0,89.1,Meets SLA
2026-06,SUP-009,CAT-002,99,3.61,0,88.8,77.6,88.4,Meets SLA
2025-01,SUP-010,CAT-003,98.0,1.83,0,99.8,89.3,94.7,Meets SLA
2025-02,SUP-010,CAT-003,84.4,0.94,0,96.2,81.2,89.0,Meets SLA
2025-03,SUP-010,CAT-003,96.4,0.36,0,90.7,81.0,93.1,Meets SLA
2025-04,SUP-010,CAT-003,87.1,0.1,0,89.5,80.6,89.8,Meets SLA
2025-05,SUP-010,CAT-003,90.6,0.83,0,94.9,82.6,91.3,Meets SLA
2025-06,SUP-010,CAT-003,85.4,4.65,0,99.4,73.3,83.1,Watch
2025-07,SUP-010,CAT-003,90.2,3.52,0,97.4,89.5,89.0,Meets SLA
2025-08,SUP-010,CAT-003,89.8,2.02,0,99.8,87.3,91.1,Meets SLA
2025-09,SUP-010,CAT-003,92.0,1.47,0,95.6,88.2,92.1,Meets SLA
2025-10,SUP-010,CAT-003,94.9,2.42,0,91.9,85.7,90.6,Meets SLA
2025-11,SUP-010,CAT-003,99,2.61,0,93.3,88.9,92.7,Meets SLA
2025-12,SUP-010,CAT-003,90.0,3.29,0,97.0,99,90.9,Meets SLA
2026-01,SUP-010,CAT-003,99,2.14,0,92.9,98.7,95.0,Meets SLA
2026-02,SUP-010,CAT-003,90.0,1.51,0,94.3,89.9,91.4,Meets SLA
2026-03,SUP-010,CAT-003,84.1,1.5,0,96.4,86.6,89.1,Meets SLA
2026-04,SUP-010,CAT-003,91.8,2.57,0,90.5,90.8,90.0,Meets SLA
2026-05,SUP-010,CAT-003,80.0,2.8,0,93.7,89.3,85.7,Watch
2026-06,SUP-010,CAT-003,95.3,1.63,0,94.2,91.3,93.3,Meets SLA
2025-01,SUP-011,CAT-003,91.2,1.43,0,94.3,98.0,93.4,Meets SLA
2025-02,SUP-011,CAT-003,94.6,2.0,0,99.5,78.0,91.1,Meets SLA
2025-03,SUP-011,CAT-003,81.7,1.31,0,95.0,90.7,88.9,Meets SLA
2025-04,SUP-011,CAT-003,91.5,1.87,0,93.4,93.0,91.8,Meets SLA
2025-05,SUP-011,CAT-003,93.9,1.14,0,95.9,92.4,94.1,Meets SLA
2025-06,SUP-011,CAT-003,94.9,1.08,0,89.3,89.2,92.7,Meets SLA
2025-07,SUP-011,CAT-003,85.9,2.97,0,97.6,92.3,88.9,Meets SLA
2025-08,SUP-011,CAT-003,92.6,1.43,0,87.2,79.7,89.3,Meets SLA
2025-09,SUP-011,CAT-003,88.9,1.49,0,93.8,92.0,91.3,Meets SLA
2025-10,SUP-011,CAT-003,84.3,2.8,0,87.7,78.2,84.2,Watch
2025-11,SUP-011,CAT-003,90.6,1.81,0,95.7,77.1,89.1,Meets SLA
2025-12,SUP-011,CAT-003,93.2,1.77,0,93.3,86.4,91.3,Meets SLA
2026-01,SUP-011,CAT-003,82.5,1.17,0,94.3,93.0,89.7,Meets SLA
2026-02,SUP-011,CAT-003,95.9,1.63,0,98.4,95.9,95.1,Meets SLA
2026-03,SUP-011,CAT-003,96.5,1.87,0,96.7,86.2,93.0,Meets SLA
2026-04,SUP-011,CAT-003,91.0,3.83,0,90.5,87.5,87.3,Meets SLA
2026-05,SUP-011,CAT-003,95.1,0.99,0,91.8,82.1,92.1,Meets SLA
2026-06,SUP-011,CAT-003,89.3,0.1,0,99.8,89.7,94.1,Meets SLA
2025-01,SUP-012,CAT-003,88.4,2.16,0,88.7,82.0,87.4,Meets SLA
2025-02,SUP-012,CAT-003,84.3,3.25,0,91.5,95.1,87.3,Meets SLA
2025-03,SUP-012,CAT-003,89.9,3.63,0,90.6,91.5,87.9,Meets SLA
2025-04,SUP-012,CAT-003,86.1,2.09,0,93.9,79.4,87.2,Meets SLA
2025-05,SUP-012,CAT-003,73.0,3.63,0,95.0,86.1,81.6,Watch
2025-06,SUP-012,CAT-003,92.1,2.1,0,95.0,81.9,89.9,Meets SLA
2025-07,SUP-012,CAT-003,91.4,2.31,0,89.4,84.3,88.8,Meets SLA
2025-08,SUP-012,CAT-003,81.0,2.98,0,92.7,80.1,84.0,Watch
2025-09,SUP-012,CAT-003,93.5,2.71,0,94.4,86.7,90.3,Meets SLA
2025-10,SUP-012,CAT-003,77.8,3.82,0,88.4,77.3,80.3,Watch
2025-11,SUP-012,CAT-003,92.5,2.76,0,94.6,77.9,88.4,Meets SLA
2025-12,SUP-012,CAT-003,83.4,2.12,0,87.4,89.1,86.7,Meets SLA
2026-01,SUP-012,CAT-003,82.0,0.93,0,89.5,70.0,84.9,Watch
2026-02,SUP-012,CAT-003,85.3,2.58,0,92.7,74.1,85.0,Watch
2026-03,SUP-012,CAT-003,82.2,2.11,0,91.0,70.5,83.6,Watch
2026-04,SUP-012,CAT-003,87.1,2.44,0,96.0,79.1,87.4,Meets SLA
2026-05,SUP-012,CAT-003,85.3,1.66,0,90.0,81.7,87.2,Meets SLA
2026-06,SUP-012,CAT-003,82.6,3.05,0,97.8,78.2,85.0,Watch
2025-01,SUP-013,CAT-003,89.6,1.37,1,93.3,77.2,86.5,Meets SLA
2025-02,SUP-013,CAT-003,93.0,1.74,0,93.5,87.9,91.6,Meets SLA
2025-03,SUP-013,CAT-003,90.7,4.16,0,96.6,85.5,87.4,Meets SLA
2025-04,SUP-013,CAT-003,82.7,1.1,0,95.2,73.7,86.6,Meets SLA
2025-05,SUP-013,CAT-003,82.4,1.95,0,91.6,92.8,88.0,Meets SLA
2025-06,SUP-013,CAT-003,89.6,1.88,0,93.6,85.1,89.7,Meets SLA
2025-07,SUP-013,CAT-003,89.9,2.15,0,96.1,86.3,90.1,Meets SLA
2025-08,SUP-013,CAT-003,83.3,1.35,0,95.9,79.2,87.6,Meets SLA
2025-09,SUP-013,CAT-003,85.1,2.07,0,93.3,89.1,88.5,Meets SLA
2025-10,SUP-013,CAT-003,86.8,2.83,0,93.6,73.9,85.3,Watch
2025-11,SUP-013,CAT-003,85.0,0.6,0,92.6,86.8,90.0,Meets SLA
2025-12,SUP-013,CAT-003,84.3,1.76,0,92.0,80.0,86.8,Meets SLA
2026-01,SUP-013,CAT-003,90.6,4.42,0,98.2,89.0,87.9,Meets SLA
2026-02,SUP-013,CAT-003,94.0,2.73,0,87.1,76.2,87.3,Meets SLA
2026-03,SUP-013,CAT-003,92.3,2.51,0,91.1,83.3,89.0,Meets SLA
2026-04,SUP-013,CAT-003,90.3,2.36,0,91.7,99,91.5,Meets SLA
2026-05,SUP-013,CAT-003,86.2,3.39,0,92.2,90.0,87.0,Meets SLA
2026-06,SUP-013,CAT-003,86.6,1.1,0,91.9,80.9,88.7,Meets SLA
2025-01,SUP-014,CAT-003,86.5,0.98,0,93.6,88.3,90.5,Meets SLA
2025-02,SUP-014,CAT-003,89.3,1.2,0,91.2,88.6,90.8,Meets SLA
2025-03,SUP-014,CAT-003,97.3,1.4,0,89.5,79.7,91.5,Meets SLA
2025-04,SUP-014,CAT-003,87.6,0.48,0,91.5,83.0,90.2,Meets SLA
2025-05,SUP-014,CAT-003,82.4,2.12,0,99.3,87.1,88.2,Meets SLA
2025-06,SUP-014,CAT-003,84.0,2.12,0,97.3,88.3,88.6,Meets SLA
2025-07,SUP-014,CAT-003,90.6,1.33,0,99.8,89.4,92.8,Meets SLA
2025-08,SUP-014,CAT-003,99,2.1,0,94.4,95.6,94.8,Meets SLA
2025-09,SUP-014,CAT-003,81.0,1.02,0,94.1,96.2,90.0,Meets SLA
2025-10,SUP-014,CAT-003,96.5,0.35,1,87.2,99,93.3,Meets SLA
2025-11,SUP-014,CAT-003,96.7,2.21,0,95.6,84.5,92.0,Meets SLA
2025-12,SUP-014,CAT-003,82.5,1.14,0,99.8,85.3,89.4,Meets SLA
2026-01,SUP-014,CAT-003,87.1,2.0,0,98.5,79.2,88.5,Meets SLA
2026-02,SUP-014,CAT-003,86.2,0.29,0,98.7,84.9,91.7,Meets SLA
2026-03,SUP-014,CAT-003,88.7,1.05,0,96.0,85.9,91.2,Meets SLA
2026-04,SUP-014,CAT-003,76.3,2.27,0,92.0,87.4,84.5,Watch
2026-05,SUP-014,CAT-003,99,2.55,0,96.4,77.2,91.2,Meets SLA
2026-06,SUP-014,CAT-003,88.2,0.76,0,96.1,80.5,90.4,Meets SLA
2025-01,SUP-015,CAT-003,91.2,1.76,0,92.6,83.3,90.0,Meets SLA
2025-02,SUP-015,CAT-003,94.9,2.96,0,91.2,87.3,90.0,Meets SLA
2025-03,SUP-015,CAT-003,83.3,2.25,0,95.0,84.9,87.1,Meets SLA
2025-04,SUP-015,CAT-003,76.2,2.91,0,93.4,65.8,79.9,Watch
2025-05,SUP-015,CAT-003,96.6,2.41,0,90.4,86.2,91.1,Meets SLA
2025-06,SUP-015,CAT-003,86.7,2.46,0,95.7,74.1,86.2,Meets SLA
2025-07,SUP-015,CAT-003,87.6,0.82,0,86.3,85.3,89.2,Meets SLA
2025-08,SUP-015,CAT-003,93.9,1.95,0,84.1,91.4,90.6,Meets SLA
2025-09,SUP-015,CAT-003,93.6,2.49,0,91.4,86.6,90.2,Meets SLA
2025-10,SUP-015,CAT-003,81.4,2.05,0,88.4,77.2,84.1,Watch
2025-11,SUP-015,CAT-003,84.0,3.78,0,91.2,78.0,83.3,Watch
2025-12,SUP-015,CAT-003,81.5,2.62,0,92.1,83.3,85.1,Watch
2026-01,SUP-015,CAT-003,84.0,4.02,0,88.6,93.9,85.3,Watch
2026-02,SUP-015,CAT-003,87.6,3.03,0,97.3,80.2,87.1,Meets SLA
2026-03,SUP-015,CAT-003,79.2,1.35,0,91.5,74.6,84.5,Watch
2026-04,SUP-015,CAT-003,89.0,2.21,0,90.2,84.8,88.4,Meets SLA
2026-05,SUP-015,CAT-003,79.8,2.81,0,94.9,92.0,86.3,Meets SLA
2026-06,SUP-015,CAT-003,88.7,0.54,0,91.3,93.6,92.4,Meets SLA
2025-01,SUP-016,CAT-004,84.4,2.25,0,97.1,91.9,89.2,Meets SLA
2025-02,SUP-016,CAT-004,94.5,1.77,0,99.8,85.8,92.9,Meets SLA
2025-03,SUP-016,CAT-004,86.6,2.9,0,91.7,80.9,86.1,Meets SLA
2025-04,SUP-016,CAT-004,92.1,1.52,0,95.6,81.1,90.8,Meets SLA
2025-05,SUP-016,CAT-004,89.1,0.41,0,98.4,95.8,94.4,Meets SLA
2025-06,SUP-016,CAT-004,86.7,2.32,0,97.7,83.8,88.6,Meets SLA
2025-07,SUP-016,CAT-004,83.0,2.58,0,91.3,88.0,86.4,Meets SLA
2025-08,SUP-016,CAT-004,99,2.28,0,99.8,97.5,95.9,Meets SLA
2025-09,SUP-016,CAT-004,84.8,1.8,0,88.1,84.6,87.0,Meets SLA
2025-10,SUP-016,CAT-004,92.5,2.14,0,94.9,80.2,89.7,Meets SLA
2025-11,SUP-016,CAT-004,83.7,2.1,0,94.2,73.5,85.3,Watch
2025-12,SUP-016,CAT-004,89.6,2.43,0,92.2,83.4,88.4,Meets SLA
2026-01,SUP-016,CAT-004,84.7,2.03,0,98.8,85.9,88.8,Meets SLA
2026-02,SUP-016,CAT-004,97.0,0.87,0,91.7,91.0,94.5,Meets SLA
2026-03,SUP-016,CAT-004,83.8,2.65,0,97.0,85.8,87.3,Meets SLA
2026-04,SUP-016,CAT-004,90.6,0.1,0,91.5,85.8,92.4,Meets SLA
2026-05,SUP-016,CAT-004,91.5,2.5,0,92.2,85.8,89.4,Meets SLA
2026-06,SUP-016,CAT-004,91.1,0.1,0,96.7,87.3,93.8,Meets SLA
2025-01,SUP-017,CAT-004,89.3,1.87,0,93.4,87.1,90.0,Meets SLA
2025-02,SUP-017,CAT-004,82.8,2.4,0,96.0,75.0,85.1,Watch
2025-03,SUP-017,CAT-004,83.1,2.1,0,94.8,92.5,88.6,Meets SLA
2025-04,SUP-017,CAT-004,87.9,2.15,0,90.2,86.3,88.3,Meets SLA
2025-05,SUP-017,CAT-004,98.0,1.13,0,93.2,83.9,93.6,Meets SLA
2025-06,SUP-017,CAT-004,86.0,1.72,0,93.3,88.4,89.2,Meets SLA
2025-07,SUP-017,CAT-004,84.8,2.89,0,93.0,85.8,86.5,Meets SLA
2025-08,SUP-017,CAT-004,91.5,2.15,0,97.8,89.1,91.5,Meets SLA
2025-09,SUP-017,CAT-004,84.5,1.99,0,91.8,84.8,87.3,Meets SLA
2025-10,SUP-017,CAT-004,84.1,2.34,0,96.2,80.1,86.6,Meets SLA
2025-11,SUP-017,CAT-004,96.8,2.18,0,92.9,80.4,90.9,Meets SLA
2025-12,SUP-017,CAT-004,89.4,0.84,0,98.8,79.1,91.0,Meets SLA
2026-01,SUP-017,CAT-004,92.5,1.03,0,93.6,86.9,92.3,Meets SLA
2026-02,SUP-017,CAT-004,92.4,1.91,0,97.3,88.6,92.0,Meets SLA
2026-03,SUP-017,CAT-004,83.4,3.41,0,95.1,80.3,84.7,Watch
2026-04,SUP-017,CAT-004,97.3,3.12,0,99.1,83.1,91.3,Meets SLA
2026-05,SUP-017,CAT-004,94.9,2.6,0,94.9,89.2,91.5,Meets SLA
2026-06,SUP-017,CAT-004,86.0,1.05,0,94.8,88.3,90.4,Meets SLA
2025-01,SUP-018,CAT-004,91.3,1.41,0,88.5,99,92.6,Meets SLA
2025-02,SUP-018,CAT-004,88.5,2.35,0,87.0,82.7,87.0,Meets SLA
2025-03,SUP-018,CAT-004,78.0,0.37,0,95.6,87.2,88.4,Meets SLA
2025-04,SUP-018,CAT-004,97.1,1.26,0,92.4,91.2,94.2,Meets SLA
2025-05,SUP-018,CAT-004,89.1,2.01,0,93.5,84.4,89.2,Meets SLA
2025-06,SUP-018,CAT-004,87.5,1.71,0,98.4,86.4,90.3,Meets SLA
2025-07,SUP-018,CAT-004,94.9,1.42,0,96.6,82.7,92.4,Meets SLA
2025-08,SUP-018,CAT-004,86.1,3.5,0,93.4,78.8,85.0,Watch
2025-09,SUP-018,CAT-004,88.7,0.62,0,90.1,86.2,90.8,Meets SLA
2025-10,SUP-018,CAT-004,80.0,3.56,0,91.0,73.4,81.3,Watch
2025-11,SUP-018,CAT-004,88.2,1.07,0,91.8,81.7,89.5,Meets SLA
2025-12,SUP-018,CAT-004,87.3,2.6,0,89.4,80.6,86.3,Meets SLA
2026-01,SUP-018,CAT-004,93.6,1.67,0,96.5,86.2,92.2,Meets SLA
2026-02,SUP-018,CAT-004,80.8,1.6,0,90.4,98.2,88.8,Meets SLA
2026-03,SUP-018,CAT-004,99,2.99,0,97.4,81.6,91.6,Meets SLA
2026-04,SUP-018,CAT-004,85.2,2.67,0,98.0,88.5,88.4,Meets SLA
2026-05,SUP-018,CAT-004,80.6,1.28,0,91.5,90.7,88.0,Meets SLA
2026-06,SUP-018,CAT-004,82.5,1.84,0,96.9,91.9,89.0,Meets SLA
2025-01,SUP-019,CAT-004,89.3,0.92,0,85.2,72.1,87.1,Meets SLA
2025-02,SUP-019,CAT-004,87.7,2.55,0,97.2,85.7,88.8,Meets SLA
2025-03,SUP-019,CAT-004,94.3,2.0,0,88.5,74.8,88.5,Meets SLA
2025-04,SUP-019,CAT-004,85.7,3.4,0,96.2,74.8,84.7,Watch
2025-05,SUP-019,CAT-004,87.6,2.32,0,97.3,82.3,88.5,Meets SLA
2025-06,SUP-019,CAT-004,84.5,3.27,0,95.7,85.1,86.3,Meets SLA
2025-07,SUP-019,CAT-004,83.4,2.63,0,92.6,96.9,88.3,Meets SLA
2025-08,SUP-019,CAT-004,94.0,1.26,0,95.8,94.5,94.3,Meets SLA
2025-09,SUP-019,CAT-004,99,1.53,1,89.7,92.3,91.7,Meets SLA
2025-10,SUP-019,CAT-004,86.8,2.42,0,91.4,77.0,86.0,Meets SLA
2025-11,SUP-019,CAT-004,91.4,2.72,0,92.1,99,91.4,Meets SLA
2025-12,SUP-019,CAT-004,88.6,2.77,0,97.2,86.4,88.9,Meets SLA
2026-01,SUP-019,CAT-004,86.9,3.45,0,88.7,78.0,84.3,Watch
2026-02,SUP-019,CAT-004,87.3,0.75,0,88.5,84.9,89.6,Meets SLA
2026-03,SUP-019,CAT-004,95.6,1.12,0,89.8,74.3,90.3,Meets SLA
2026-04,SUP-019,CAT-004,87.9,2.16,1,93.6,90.5,87.2,Meets SLA
2026-05,SUP-019,CAT-004,83.7,2.97,0,92.4,85.9,86.0,Watch
2026-06,SUP-019,CAT-004,93.0,1.47,0,93.3,94.2,93.1,Meets SLA
2025-01,SUP-020,CAT-004,85.5,2.83,0,90.2,81.0,85.5,Watch
2025-02,SUP-020,CAT-004,83.1,2.68,0,92.8,85.9,86.2,Meets SLA
2025-03,SUP-020,CAT-004,88.3,3.96,0,92.4,80.8,85.3,Watch
2025-04,SUP-020,CAT-004,90.6,3.08,0,92.5,80.6,87.3,Meets SLA
2025-05,SUP-020,CAT-004,85.5,3.11,0,91.1,79.0,84.9,Watch
2025-06,SUP-020,CAT-004,85.2,2.2,0,90.7,84.5,87.0,Meets SLA
2025-07,SUP-020,CAT-004,76.7,2.68,0,95.9,70.7,81.7,Watch
2025-08,SUP-020,CAT-004,77.5,3.56,0,91.0,81.3,81.8,Watch
2025-09,SUP-020,CAT-004,87.0,3.87,0,89.2,71.5,82.7,Watch
2025-10,SUP-020,CAT-004,80.7,3.88,0,93.0,73.5,81.4,Watch
2025-11,SUP-020,CAT-004,84.9,3.49,0,90.0,96.6,87.1,Meets SLA
2025-12,SUP-020,CAT-004,85.2,2.7,0,96.7,84.0,87.3,Meets SLA
2026-01,SUP-020,CAT-004,81.0,1.68,0,92.0,86.9,87.0,Meets SLA
2026-02,SUP-020,CAT-004,84.0,3.62,0,87.9,81.7,83.5,Watch
2026-03,SUP-020,CAT-004,97.9,2.65,0,87.7,76.7,89.0,Meets SLA
2026-04,SUP-020,CAT-004,78.6,3.13,0,94.3,73.1,81.9,Watch
2026-05,SUP-020,CAT-004,81.1,2.82,0,84.8,87.5,84.1,Watch
2026-06,SUP-020,CAT-004,84.2,3.39,0,84.6,72.7,81.7,Watch
2025-01,SUP-021,CAT-004,93.7,2.07,0,88.8,85.4,90.1,Meets SLA
2025-02,SUP-021,CAT-004,70.3,2.59,0,93.9,76.2,80.2,Watch
2025-03,SUP-021,CAT-004,84.0,1.23,0,89.5,71.6,85.4,Watch
2025-04,SUP-021,CAT-004,89.5,2.9,0,89.5,90.9,88.5,Meets SLA
2025-05,SUP-021,CAT-004,77.1,2.48,0,88.4,71.2,80.9,Watch
2025-06,SUP-021,CAT-004,76.7,3.23,1,92.0,72.1,78.0,Watch
2025-07,SUP-021,CAT-004,92.1,1.11,0,91.7,75.5,89.6,Meets SLA
2025-08,SUP-021,CAT-004,79.7,2.28,0,89.7,78.3,83.6,Watch
2025-09,SUP-021,CAT-004,80.2,3.23,0,93.3,71.5,81.9,Watch
2025-10,SUP-021,CAT-004,82.2,1.71,0,95.3,74.8,85.8,Watch
2025-11,SUP-021,CAT-004,93.2,3.89,0,89.2,86.7,87.6,Meets SLA
2025-12,SUP-021,CAT-004,93.9,3.29,0,93.0,77.8,87.8,Meets SLA
2026-01,SUP-021,CAT-004,83.5,2.65,0,92.9,88.6,86.9,Meets SLA
2026-02,SUP-021,CAT-004,76.8,1.99,0,92.8,74.5,82.9,Watch
2026-03,SUP-021,CAT-004,90.0,3.39,0,94.2,88.0,88.3,Meets SLA
2026-04,SUP-021,CAT-004,82.5,3.54,1,88.8,66.6,78.1,Watch
2026-05,SUP-021,CAT-004,78.8,2.01,0,96.1,76.5,84.5,Watch
2026-06,SUP-021,CAT-004,79.8,2.12,0,91.7,79.2,84.4,Watch
2025-01,SUP-022,CAT-004,96.3,2.32,0,93.5,86.2,91.7,Meets SLA
2025-02,SUP-022,CAT-004,86.5,1.62,0,91.9,99,91.2,Meets SLA
2025-03,SUP-022,CAT-004,91.4,0.76,0,95.0,77.6,90.9,Meets SLA
2025-04,SUP-022,CAT-004,91.5,2.2,0,93.3,88.2,90.4,Meets SLA
2025-05,SUP-022,CAT-004,89.1,2.55,0,96.1,88.6,89.6,Meets SLA
2025-06,SUP-022,CAT-004,81.5,0.44,0,93.4,92.2,90.1,Meets SLA
2025-07,SUP-022,CAT-004,91.3,0.32,0,90.6,92.6,93.4,Meets SLA
2025-08,SUP-022,CAT-004,93.0,2.04,0,96.7,68.2,88.2,Meets SLA
2025-09,SUP-022,CAT-004,87.0,1.58,0,92.4,79.8,88.0,Meets SLA
2025-10,SUP-022,CAT-004,97.6,0.44,0,93.2,99,97.1,Meets SLA
2025-11,SUP-022,CAT-004,88.3,0.96,0,97.4,83.7,91.0,Meets SLA
2025-12,SUP-022,CAT-004,80.9,0.95,0,99.6,96.2,91.0,Meets SLA
2026-01,SUP-022,CAT-004,92.2,1.45,0,94.7,86.7,91.8,Meets SLA
2026-02,SUP-022,CAT-004,85.5,0.85,0,95.2,92.4,91.3,Meets SLA
2026-03,SUP-022,CAT-004,84.9,2.47,0,89.0,98.3,88.7,Meets SLA
2026-04,SUP-022,CAT-004,90.9,1.03,0,92.2,83.8,90.9,Meets SLA
2026-05,SUP-022,CAT-004,84.9,1.82,0,97.0,80.5,87.9,Meets SLA
2026-06,SUP-022,CAT-004,91.3,1.2,0,99.8,94.1,94.0,Meets SLA
2025-01,SUP-023,CAT-005,98.2,1.27,0,92.1,66.3,90.0,Meets SLA
2025-02,SUP-023,CAT-005,89.4,1.6,0,97.8,81.5,90.2,Meets SLA
2025-03,SUP-023,CAT-005,86.3,1.15,0,89.4,84.3,88.7,Meets SLA
2025-04,SUP-023,CAT-005,86.1,2.82,0,91.9,86.4,87.0,Meets SLA
2025-05,SUP-023,CAT-005,94.1,0.81,0,95.6,89.9,94.1,Meets SLA
2025-06,SUP-023,CAT-005,79.3,0.62,0,94.4,88.3,88.5,Meets SLA
2025-07,SUP-023,CAT-005,90.6,0.5,0,98.7,87.8,93.5,Meets SLA
2025-08,SUP-023,CAT-005,95.7,3.24,0,96.1,93.4,91.9,Meets SLA
2025-09,SUP-023,CAT-005,90.3,2.25,0,94.7,87.8,90.2,Meets SLA
2025-10,SUP-023,CAT-005,99,1.95,0,94.1,86.0,93.2,Meets SLA
2025-11,SUP-023,CAT-005,85.0,1.18,0,93.9,80.2,88.2,Meets SLA
2025-12,SUP-023,CAT-005,90.3,2.67,0,95.9,79.2,88.2,Meets SLA
2026-01,SUP-023,CAT-005,98.0,2.76,0,96.9,80.9,91.3,Meets SLA
2026-02,SUP-023,CAT-005,84.5,1.66,0,89.4,89.0,88.1,Meets SLA
2026-03,SUP-023,CAT-005,89.9,1.62,0,92.8,97.2,92.2,Meets SLA
2026-04,SUP-023,CAT-005,99,1.81,0,95.2,93.4,95.0,Meets SLA
2026-05,SUP-023,CAT-005,90.9,0.78,0,90.0,81.8,90.5,Meets SLA
2026-06,SUP-023,CAT-005,94.4,1.8,0,91.5,84.5,91.1,Meets SLA
2025-01,SUP-024,CAT-005,75.6,2.41,0,95.4,88.8,84.9,Watch
2025-02,SUP-024,CAT-005,90.2,3.13,0,97.6,95.6,90.7,Meets SLA
2025-03,SUP-024,CAT-005,84.4,1.46,0,83.7,73.1,84.5,Watch
2025-04,SUP-024,CAT-005,89.3,1.28,0,89.9,89.4,90.6,Meets SLA
2025-05,SUP-024,CAT-005,74.7,1.8,0,93.6,81.3,83.8,Watch
2025-06,SUP-024,CAT-005,81.2,2.46,0,94.2,85.5,86.0,Meets SLA
2025-07,SUP-024,CAT-005,83.6,1.31,0,88.1,84.6,87.3,Meets SLA
2025-08,SUP-024,CAT-005,86.6,2.05,0,92.2,92.5,89.5,Meets SLA
2025-09,SUP-024,CAT-005,87.9,1.7,0,93.5,83.9,89.1,Meets SLA
2025-10,SUP-024,CAT-005,97.6,1.73,0,86.9,81.1,90.9,Meets SLA
2025-11,SUP-024,CAT-005,84.6,0.66,0,91.9,87.6,89.8,Meets SLA
2025-12,SUP-024,CAT-005,95.2,2.3,0,96.4,74.5,89.7,Meets SLA
2026-01,SUP-024,CAT-005,82.8,0.58,0,98.0,80.5,89.1,Meets SLA
2026-02,SUP-024,CAT-005,86.4,2.49,0,91.7,87.8,87.8,Meets SLA
2026-03,SUP-024,CAT-005,84.9,0.32,0,94.0,77.7,89.0,Meets SLA
2026-04,SUP-024,CAT-005,95.2,0.7,0,88.8,82.1,92.0,Meets SLA
2026-05,SUP-024,CAT-005,97.8,1.34,0,88.3,79.0,91.4,Meets SLA
2026-06,SUP-024,CAT-005,91.5,1.62,0,95.3,94.9,92.8,Meets SLA
2025-01,SUP-025,CAT-005,76.5,3.3,0,91.7,97.8,84.9,Watch
2025-02,SUP-025,CAT-005,97.7,0.57,0,99.8,75.1,93.8,Meets SLA
2025-03,SUP-025,CAT-005,91.8,1.64,0,92.7,81.1,90.0,Meets SLA
2025-04,SUP-025,CAT-005,75.1,1.44,0,93.5,83.2,84.8,Watch
2025-05,SUP-025,CAT-005,84.6,3.57,0,98.8,90.4,87.3,Meets SLA
2025-06,SUP-025,CAT-005,91.0,0.99,0,88.6,85.4,90.7,Meets SLA
2025-07,SUP-025,CAT-005,86.6,0.89,0,95.6,74.4,88.5,Meets SLA
2025-08,SUP-025,CAT-005,86.2,2.16,0,94.7,84.3,88.2,Meets SLA
2025-09,SUP-025,CAT-005,78.5,1.73,0,92.4,84.4,85.6,Watch
2025-10,SUP-025,CAT-005,91.0,2.17,1,96.3,78.9,86.7,Meets SLA
2025-11,SUP-025,CAT-005,87.9,1.8,0,95.5,85.9,89.7,Meets SLA
2025-12,SUP-025,CAT-005,88.4,2.63,0,93.1,90.3,89.0,Meets SLA
2026-01,SUP-025,CAT-005,85.4,2.6,0,93.9,79.3,86.2,Meets SLA
2026-02,SUP-025,CAT-005,92.6,2.62,0,94.0,90.1,90.7,Meets SLA
2026-03,SUP-025,CAT-005,88.2,1.95,0,93.3,83.9,88.8,Meets SLA
2026-04,SUP-025,CAT-005,95.0,1.43,0,97.0,91.5,94.1,Meets SLA
2026-05,SUP-025,CAT-005,95.5,0.1,0,97.3,81.5,94.4,Meets SLA
2026-06,SUP-025,CAT-005,86.2,1.57,0,91.4,89.6,89.3,Meets SLA
2025-01,SUP-026,CAT-005,89.0,1.49,0,92.8,82.3,89.4,Meets SLA
2025-02,SUP-026,CAT-005,94.1,2.0,0,96.8,88.5,92.4,Meets SLA
2025-03,SUP-026,CAT-005,99,1.81,0,95.9,83.1,93.2,Meets SLA
2025-04,SUP-026,CAT-005,88.2,0.41,0,93.5,81.2,90.6,Meets SLA
2025-05,SUP-026,CAT-005,80.2,3.89,0,94.9,91.5,84.8,Watch
2025-06,SUP-026,CAT-005,93.4,2.44,0,87.7,79.2,88.1,Meets SLA
2025-07,SUP-026,CAT-005,95.4,0.92,0,99.8,77.3,92.9,Meets SLA
2025-08,SUP-026,CAT-005,90.4,2.96,0,96.7,74.0,87.0,Meets SLA
2025-09,SUP-026,CAT-005,95.2,2.93,0,93.1,91.8,91.3,Meets SLA
2025-10,SUP-026,CAT-005,93.6,2.34,0,95.0,74.1,88.8,Meets SLA
2025-11,SUP-026,CAT-005,84.6,1.16,0,95.9,84.2,89.2,Meets SLA
2025-12,SUP-026,CAT-005,89.3,2.19,0,95.3,87.1,89.8,Meets SLA
2026-01,SUP-026,CAT-005,84.0,2.68,0,91.9,79.0,85.2,Watch
2026-02,SUP-026,CAT-005,93.6,1.85,0,91.9,83.5,90.6,Meets SLA
2026-03,SUP-026,CAT-005,87.6,2.01,0,99.8,81.7,89.3,Meets SLA
2026-04,SUP-026,CAT-005,96.9,1.37,0,90.6,81.8,92.0,Meets SLA
2026-05,SUP-026,CAT-005,86.3,3.19,0,90.5,75.7,84.4,Watch
2026-06,SUP-026,CAT-005,97.5,3.4,0,94.4,87.0,90.9,Meets SLA
2025-01,SUP-027,CAT-005,91.1,2.97,0,95.1,91.4,90.1,Meets SLA
2025-02,SUP-027,CAT-005,91.9,3.26,0,97.8,82.3,88.8,Meets SLA
2025-03,SUP-027,CAT-005,76.0,2.27,0,91.6,93.7,85.5,Watch
2025-04,SUP-027,CAT-005,93.6,0.7,0,89.2,94.0,93.7,Meets SLA
2025-05,SUP-027,CAT-005,87.4,1.79,0,89.5,76.0,86.7,Meets SLA
2025-06,SUP-027,CAT-005,83.1,0.46,0,89.7,68.9,85.8,Watch
2025-07,SUP-027,CAT-005,83.7,0.6,0,94.9,82.4,89.2,Meets SLA
2025-08,SUP-027,CAT-005,90.8,1.75,0,87.7,87.3,89.7,Meets SLA
2025-09,SUP-027,CAT-005,96.1,0.59,0,90.7,98.7,95.8,Meets SLA
2025-10,SUP-027,CAT-005,82.6,1.13,0,93.6,89.3,89.0,Meets SLA
2025-11,SUP-027,CAT-005,87.9,1.67,0,97.9,89.4,90.9,Meets SLA
2025-12,SUP-027,CAT-005,78.9,1.61,0,97.7,80.4,86.1,Meets SLA
2026-01,SUP-027,CAT-005,84.8,2.43,0,94.8,77.3,86.0,Meets SLA
2026-02,SUP-027,CAT-005,92.7,2.58,0,89.4,89.9,90.0,Meets SLA
2026-03,SUP-027,CAT-005,85.9,2.62,0,90.4,85.4,86.8,Meets SLA
2026-04,SUP-027,CAT-005,79.9,3.6,1,93.6,79.5,80.2,Watch
2026-05,SUP-027,CAT-005,87.2,1.97,0,88.0,83.3,87.4,Meets SLA
2026-06,SUP-027,CAT-005,86.7,3.09,1,95.2,82.7,84.3,Watch
2025-01,SUP-028,CAT-005,95.6,0.92,0,87.4,87.0,92.5,Meets SLA
2025-02,SUP-028,CAT-005,87.2,4.07,0,89.0,79.2,83.8,Watch
2025-03,SUP-028,CAT-005,90.9,2.4,0,92.5,83.5,88.9,Meets SLA
2025-04,SUP-028,CAT-005,83.9,3.41,0,92.8,91.9,86.5,Meets SLA
2025-05,SUP-028,CAT-005,81.8,1.55,0,91.9,78.9,86.0,Watch
2025-06,SUP-028,CAT-005,85.3,0.69,0,93.3,80.0,88.9,Meets SLA
2025-07,SUP-028,CAT-005,93.7,1.78,0,88.7,75.7,88.7,Meets SLA
2025-08,SUP-028,CAT-005,82.6,4.08,0,95.5,77.8,83.1,Watch
2025-09,SUP-028,CAT-005,88.5,2.83,0,88.2,91.4,88.1,Meets SLA
2025-10,SUP-028,CAT-005,82.2,3.76,0,83.2,71.9,80.1,Watch
2025-11,SUP-028,CAT-005,83.0,3.21,0,92.3,84.5,85.1,Watch
2025-12,SUP-028,CAT-005,88.0,1.34,0,97.3,79.9,89.6,Meets SLA
2026-01,SUP-028,CAT-005,89.1,1.49,0,92.6,71.2,87.4,Meets SLA
2026-02,SUP-028,CAT-005,88.9,2.43,0,92.9,82.8,88.1,Meets SLA
2026-03,SUP-028,CAT-005,82.6,1.3,0,94.1,68.8,85.2,Watch
2026-04,SUP-028,CAT-005,78.9,3.76,0,96.2,85.3,83.7,Watch
2026-05,SUP-028,CAT-005,77.7,1.96,0,95.8,73.2,83.6,Watch
2026-06,SUP-028,CAT-005,94.6,2.73,0,94.2,81.8,89.8,Meets SLA
2025-01,SUP-029,CAT-005,88.8,2.36,0,89.6,89.3,88.7,Meets SLA
2025-02,SUP-029,CAT-005,92.8,3.44,0,94.3,83.0,88.4,Meets SLA
2025-03,SUP-029,CAT-005,90.0,1.15,0,94.1,87.0,91.3,Meets SLA
2025-04,SUP-029,CAT-005,84.4,1.7,0,95.3,78.4,87.2,Meets SLA
2025-05,SUP-029,CAT-005,90.0,1.5,0,97.7,92.7,92.5,Meets SLA
2025-06,SUP-029,CAT-005,94.0,1.52,0,94.5,87.1,92.3,Meets SLA
2025-07,SUP-029,CAT-005,96.3,1.99,0,91.6,93.5,93.1,Meets SLA
2025-08,SUP-029,CAT-005,86.5,0.82,0,90.5,79.9,88.6,Meets SLA
2025-09,SUP-029,CAT-005,96.9,1.75,0,90.6,89.9,92.9,Meets SLA
2025-10,SUP-029,CAT-005,95.3,1.42,0,90.6,89.3,92.7,Meets SLA
2025-11,SUP-029,CAT-005,90.0,1.61,0,94.8,73.4,88.3,Meets SLA
2025-12,SUP-029,CAT-005,83.3,2.07,0,94.0,85.1,87.3,Meets SLA
2026-01,SUP-029,CAT-005,89.3,3.23,0,92.6,83.2,87.1,Meets SLA
2026-02,SUP-029,CAT-005,84.7,2.69,0,95.2,89.8,87.9,Meets SLA
2026-03,SUP-029,CAT-005,87.0,2.55,0,89.2,68.5,84.1,Watch
2026-04,SUP-029,CAT-005,82.4,1.49,0,96.7,89.2,89.0,Meets SLA
2026-05,SUP-029,CAT-005,86.3,2.17,0,91.0,94.0,89.2,Meets SLA
2026-06,SUP-029,CAT-005,84.7,1.98,1,94.3,94.9,87.2,Meets SLA
2025-01,SUP-030,CAT-005,80.3,2.25,0,90.0,91.3,86.3,Meets SLA
2025-02,SUP-030,CAT-005,92.6,2.57,0,88.7,87.9,89.4,Meets SLA
2025-03,SUP-030,CAT-005,88.5,0.89,0,91.1,83.0,89.9,Meets SLA
2025-04,SUP-030,CAT-005,81.2,2.3,0,93.2,69.8,83.3,Watch
2025-05,SUP-030,CAT-005,90.6,0.89,0,96.5,88.4,92.6,Meets SLA
2025-06,SUP-030,CAT-005,96.7,2.58,0,95.9,80.0,90.7,Meets SLA
2025-07,SUP-030,CAT-005,93.1,0.28,0,92.2,74.7,91.2,Meets SLA
2025-08,SUP-030,CAT-005,86.0,1.15,0,97.1,85.2,90.1,Meets SLA
2025-09,SUP-030,CAT-005,82.6,2.22,0,94.0,80.0,85.9,Watch
2025-10,SUP-030,CAT-005,91.0,2.09,0,92.0,89.7,90.5,Meets SLA
2025-11,SUP-030,CAT-005,92.6,1.74,0,91.3,95.5,92.5,Meets SLA
2025-12,SUP-030,CAT-005,88.0,2.75,0,99.8,83.4,88.7,Meets SLA
2026-01,SUP-030,CAT-005,77.9,1.54,0,94.6,89.6,87.0,Meets SLA
2026-02,SUP-030,CAT-005,89.2,3.03,0,96.3,86.1,88.6,Meets SLA
2026-03,SUP-030,CAT-005,84.0,2.81,0,96.1,84.6,86.7,Meets SLA
2026-04,SUP-030,CAT-005,81.1,1.23,0,95.5,78.9,86.8,Meets SLA
2026-05,SUP-030,CAT-005,83.3,1.84,0,89.6,92.1,88.0,Meets SLA
2026-06,SUP-030,CAT-005,85.6,1.42,0,96.5,88.7,90.1,Meets SLA
2025-01,SUP-031,CAT-005,84.1,2.24,0,92.7,88.8,87.7,Meets SLA
2025-02,SUP-031,CAT-005,83.5,2.16,0,90.3,98.7,89.0,Meets SLA
2025-03,SUP-031,CAT-005,87.4,1.37,0,95.5,80.1,89.1,Meets SLA
2025-04,SUP-031,CAT-005,92.5,1.99,0,90.3,82.1,89.5,Meets SLA
2025-05,SUP-031,CAT-005,91.0,1.33,0,92.2,81.2,90.1,Meets SLA
2025-06,SUP-031,CAT-005,87.9,1.5,0,86.2,83.6,88.1,Meets SLA
2025-07,SUP-031,CAT-005,82.4,2.04,0,87.2,71.4,83.3,Watch
2025-08,SUP-031,CAT-005,87.6,2.24,0,95.1,82.6,88.3,Meets SLA
2025-09,SUP-031,CAT-005,82.5,3.03,0,86.1,78.8,83.0,Watch
2025-10,SUP-031,CAT-005,77.3,1.82,1,91.5,72.1,80.2,Watch
2025-11,SUP-031,CAT-005,85.1,1.75,0,96.2,80.3,87.9,Meets SLA
2025-12,SUP-031,CAT-005,86.6,2.1,0,90.4,81.3,87.0,Meets SLA
2026-01,SUP-031,CAT-005,74.8,1.55,0,98.9,85.2,85.8,Watch
2026-02,SUP-031,CAT-005,82.1,3.54,0,95.4,75.6,83.2,Watch
2026-03,SUP-031,CAT-005,86.6,2.28,0,94.4,86.6,88.5,Meets SLA
2026-04,SUP-031,CAT-005,95.0,2.55,0,95.4,88.5,91.6,Meets SLA
2026-05,SUP-031,CAT-005,84.0,1.83,0,91.7,82.9,87.0,Meets SLA
2026-06,SUP-031,CAT-005,89.6,2.93,0,83.9,83.0,86.1,Meets SLA
2025-01,SUP-032,CAT-005,87.9,1.92,0,93.9,78.2,87.9,Meets SLA
2025-02,SUP-032,CAT-005,85.7,1.04,0,91.5,67.7,86.0,Meets SLA
2025-03,SUP-032,CAT-005,82.9,4.31,0,94.6,86.0,84.2,Watch
2025-04,SUP-032,CAT-005,91.4,0.93,0,89.1,99,93.4,Meets SLA
2025-05,SUP-032,CAT-005,84.1,3.45,0,84.9,90.4,84.9,Watch
2025-06,SUP-032,CAT-005,79.6,2.69,0,91.1,91.7,85.7,Watch
2025-07,SUP-032,CAT-005,74.3,3.96,0,91.6,84.4,80.7,Watch
2025-08,SUP-032,CAT-005,91.5,1.96,0,86.6,92.2,90.3,Meets SLA
2025-09,SUP-032,CAT-005,83.1,1.5,0,98.1,86.4,88.9,Meets SLA
2025-10,SUP-032,CAT-005,81.6,1.84,0,89.4,70.8,83.5,Watch
2025-11,SUP-032,CAT-005,84.5,2.26,0,86.6,78.3,84.8,Watch
2025-12,SUP-032,CAT-005,91.6,2.22,0,93.4,87.3,90.3,Meets SLA
2026-01,SUP-032,CAT-005,84.3,3.77,0,90.2,80.9,83.7,Watch
2026-02,SUP-032,CAT-005,85.0,3.74,0,93.8,77.8,84.1,Watch
2026-03,SUP-032,CAT-005,84.6,2.93,0,83.9,80.1,83.7,Watch
2026-04,SUP-032,CAT-005,92.9,2.58,0,96.3,88.1,90.9,Meets SLA
2026-05,SUP-032,CAT-005,86.5,1.55,0,96.5,86.9,89.9,Meets SLA
2026-06,SUP-032,CAT-005,80.5,3.41,0,91.9,77.9,82.6,Watch
2025-01,SUP-033,CAT-005,88.9,3.26,0,88.4,84.5,86.4,Meets SLA
2025-02,SUP-033,CAT-005,79.3,2.86,0,95.7,83.8,84.8,Watch
2025-03,SUP-033,CAT-005,89.0,2.61,0,91.4,89.5,88.8,Meets SLA
2025-04,SUP-033,CAT-005,93.6,2.34,0,94.7,87.0,91.0,Meets SLA
2025-05,SUP-033,CAT-005,83.8,2.78,0,93.4,80.9,85.5,Watch
2025-06,SUP-033,CAT-005,95.5,0.82,0,92.5,88.2,93.7,Meets SLA
2025-07,SUP-033,CAT-005,85.5,4.0,0,92.3,74.2,83.0,Watch
2025-08,SUP-033,CAT-005,92.8,1.76,0,94.6,73.5,89.1,Meets SLA
2025-09,SUP-033,CAT-005,81.2,3.37,0,95.9,89.6,85.8,Watch
2025-10,SUP-033,CAT-005,84.6,3.38,0,88.3,79.8,83.8,Watch
2025-11,SUP-033,CAT-005,83.4,2.93,0,88.3,76.6,83.5,Watch
2025-12,SUP-033,CAT-005,87.7,2.57,0,91.2,89.5,88.4,Meets SLA
2026-01,SUP-033,CAT-005,93.0,3.25,0,90.5,77.3,87.0,Meets SLA
2026-02,SUP-033,CAT-005,85.8,1.59,0,95.3,93.9,90.6,Meets SLA
2026-03,SUP-033,CAT-005,87.1,4.19,0,95.9,86.5,86.2,Meets SLA
2026-04,SUP-033,CAT-005,95.0,0.44,0,93.9,90.0,94.7,Meets SLA
2026-05,SUP-033,CAT-005,82.7,0.31,0,90.5,82.2,88.4,Meets SLA
2026-06,SUP-033,CAT-005,86.9,3.1,0,93.4,97.3,89.2,Meets SLA
2025-01,SUP-034,CAT-005,88.1,1.99,0,97.3,77.7,88.3,Meets SLA
2025-02,SUP-034,CAT-005,86.6,3.25,0,95.1,72.5,84.6,Watch
2025-03,SUP-034,CAT-005,95.9,3.43,0,95.7,94.5,91.8,Meets SLA
2025-04,SUP-034,CAT-005,89.7,1.52,0,94.7,76.4,88.9,Meets SLA
2025-05,SUP-034,CAT-005,93.0,4.67,0,91.2,86.1,86.7,Meets SLA
2025-06,SUP-034,CAT-005,90.1,1.63,0,93.7,72.0,87.9,Meets SLA
2025-07,SUP-034,CAT-005,81.2,2.01,0,93.6,77.4,85.1,Watch
2025-08,SUP-034,CAT-005,83.2,0.68,0,84.3,78.3,86.2,Meets SLA
2025-09,SUP-034,CAT-005,91.1,2.33,0,91.9,96.5,91.4,Meets SLA
2025-10,SUP-034,CAT-005,93.9,1.98,0,93.6,86.9,91.4,Meets SLA
2025-11,SUP-034,CAT-005,84.1,2.24,0,98.1,86.9,88.4,Meets SLA
2025-12,SUP-034,CAT-005,81.6,2.77,0,95.2,79.7,84.9,Watch
2026-01,SUP-034,CAT-005,93.3,3.78,0,95.1,80.6,87.8,Meets SLA
2026-02,SUP-034,CAT-005,86.3,0.87,0,90.6,78.0,88.2,Meets SLA
2026-03,SUP-034,CAT-005,84.9,1.39,0,92.6,90.4,89.5,Meets SLA
2026-04,SUP-034,CAT-005,93.0,2.17,0,98.2,87.4,91.8,Meets SLA
2026-05,SUP-034,CAT-005,86.6,1.69,0,95.5,91.5,90.4,Meets SLA
2026-06,SUP-034,CAT-005,92.8,3.76,0,89.2,81.6,86.7,Meets SLA
2025-01,SUP-035,CAT-005,77.3,4.54,0,90.3,80.6,80.1,Watch
2025-02,SUP-035,CAT-005,88.6,1.55,0,89.6,90.1,90.0,Meets SLA
2025-03,SUP-035,CAT-005,92.2,0.99,1,89.5,92.3,90.0,Meets SLA
2025-04,SUP-035,CAT-005,91.5,3.23,0,90.7,80.0,87.0,Meets SLA
2025-05,SUP-035,CAT-005,88.6,1.98,0,87.8,76.5,86.6,Meets SLA
2025-06,SUP-035,CAT-005,86.8,0.7,0,94.3,72.8,88.3,Meets SLA
2025-07,SUP-035,CAT-005,75.7,2.83,0,94.4,76.9,82.0,Watch
2025-08,SUP-035,CAT-005,82.4,3.4,0,86.6,94.3,85.3,Watch
2025-09,SUP-035,CAT-005,72.9,2.48,0,93.5,73.4,80.7,Watch
2025-10,SUP-035,CAT-005,92.2,2.69,0,90.9,75.4,87.2,Meets SLA
2025-11,SUP-035,CAT-005,87.6,1.83,1,93.9,80.5,85.8,Watch
2025-12,SUP-035,CAT-005,76.9,0.63,0,92.0,81.4,86.0,Watch
2026-01,SUP-035,CAT-005,87.5,1.43,0,91.3,76.9,87.7,Meets SLA
2026-02,SUP-035,CAT-005,87.9,1.43,0,91.1,77.8,88.0,Meets SLA
2026-03,SUP-035,CAT-005,81.0,2.21,0,90.7,87.6,86.1,Meets SLA
2026-04,SUP-035,CAT-005,78.5,2.37,0,91.6,81.2,83.9,Watch
2026-05,SUP-035,CAT-005,81.0,4.37,0,94.7,76.1,81.6,Watch
2026-06,SUP-035,CAT-005,85.3,1.69,0,95.0,78.2,87.5,Meets SLA
2025-01,SUP-036,CAT-005,92.9,0.81,0,97.1,82.7,92.6,Meets SLA
2025-02,SUP-036,CAT-005,87.2,1.42,0,97.5,89.9,91.1,Meets SLA
2025-03,SUP-036,CAT-005,92.8,0.79,0,95.2,87.5,93.2,Meets SLA
2025-04,SUP-036,CAT-005,93.6,1.99,0,94.7,85.0,91.2,Meets SLA
2025-05,SUP-036,CAT-005,89.5,1.41,0,91.5,82.2,89.5,Meets SLA
2025-06,SUP-036,CAT-005,91.0,0.35,0,96.8,95.7,94.9,Meets SLA
2025-07,SUP-036,CAT-005,85.0,0.94,0,95.6,85.2,89.8,Meets SLA
2025-08,SUP-036,CAT-005,84.3,2.3,0,92.9,86.4,87.3,Meets SLA
2025-09,SUP-036,CAT-005,94.6,0.94,0,93.9,84.3,92.8,Meets SLA
2025-10,SUP-036,CAT-005,87.2,1.56,0,89.5,83.0,88.2,Meets SLA
2025-11,SUP-036,CAT-005,96.1,2.05,0,92.7,81.2,90.9,Meets SLA
2025-12,SUP-036,CAT-005,83.4,0.8,0,96.2,90.1,90.4,Meets SLA
2026-01,SUP-036,CAT-005,78.3,2.41,0,93.0,91.0,85.8,Watch
2026-02,SUP-036,CAT-005,94.2,0.7,0,98.3,83.0,93.5,Meets SLA
2026-03,SUP-036,CAT-005,99,0.1,0,90.1,95.1,96.8,Meets SLA
2026-04,SUP-036,CAT-005,99,3.04,0,97.9,93.8,93.8,Meets SLA
2026-05,SUP-036,CAT-005,89.0,0.61,0,97.3,84.0,91.8,Meets SLA
2026-06,SUP-036,CAT-005,89.6,2.23,0,92.8,93.2,90.5,Meets SLA
2025-01,SUP-037,CAT-005,77.8,1.92,0,92.0,83.0,84.8,Watch
2025-02,SUP-037,CAT-005,99,1.49,0,93.0,91.8,94.7,Meets SLA
2025-03,SUP-037,CAT-005,89.7,3.14,0,93.8,85.3,88.0,Meets SLA
2025-04,SUP-037,CAT-005,86.9,3.14,0,86.9,90.6,86.7,Meets SLA
2025-05,SUP-037,CAT-005,91.6,2.88,0,92.0,83.3,88.4,Meets SLA
2025-06,SUP-037,CAT-005,91.3,0.88,0,93.7,90.4,92.8,Meets SLA
2025-07,SUP-037,CAT-005,94.8,1.6,0,91.8,81.2,91.0,Meets SLA
2025-08,SUP-037,CAT-005,82.1,1.79,0,92.4,80.9,86.2,Meets SLA
2025-09,SUP-037,CAT-005,92.8,2.07,0,92.1,77.0,88.9,Meets SLA
2025-10,SUP-037,CAT-005,87.0,0.26,0,98.5,82.9,91.6,Meets SLA
2025-11,SUP-037,CAT-005,89.0,1.22,0,97.0,96.0,93.0,Meets SLA
2025-12,SUP-037,CAT-005,86.0,2.04,0,92.5,94.3,89.6,Meets SLA
2026-01,SUP-037,CAT-005,93.4,1.42,0,96.6,80.8,91.5,Meets SLA
2026-02,SUP-037,CAT-005,95.7,2.17,0,91.8,83.6,90.9,Meets SLA
2026-03,SUP-037,CAT-005,85.4,2.74,0,97.4,95.1,89.4,Meets SLA
2026-04,SUP-037,CAT-005,84.3,3.24,0,90.2,89.8,86.1,Meets SLA
2026-05,SUP-037,CAT-005,90.0,0.41,0,91.4,85.3,91.6,Meets SLA
2026-06,SUP-037,CAT-005,92.5,2.48,0,90.0,81.9,88.7,Meets SLA
2025-01,SUP-038,CAT-005,80.9,2.6,0,87.3,92.8,85.8,Watch
2025-02,SUP-038,CAT-005,97.5,0.41,0,95.4,87.4,95.4,Meets SLA
2025-03,SUP-038,CAT-005,89.3,2.75,0,91.5,67.9,84.9,Watch
2025-04,SUP-038,CAT-005,87.4,0.1,0,96.0,60.7,87.5,Meets SLA
2025-05,SUP-038,CAT-005,84.5,0.25,0,92.1,79.5,88.9,Meets SLA
2025-06,SUP-038,CAT-005,85.2,2.16,0,91.9,82.6,87.0,Meets SLA
2025-07,SUP-038,CAT-005,87.1,3.67,0,89.0,99,87.9,Meets SLA
2025-08,SUP-038,CAT-005,85.8,2.3,0,90.2,84.3,87.0,Meets SLA
2025-09,SUP-038,CAT-005,84.0,3.04,0,91.9,89.2,86.4,Meets SLA
2025-10,SUP-038,CAT-005,89.7,1.18,0,92.8,79.2,89.6,Meets SLA
2025-11,SUP-038,CAT-005,89.7,2.21,0,87.4,83.9,88.0,Meets SLA
2025-12,SUP-038,CAT-005,91.3,3.99,0,87.0,93.8,87.7,Meets SLA
2026-01,SUP-038,CAT-005,86.2,1.47,0,95.3,90.0,90.3,Meets SLA
2026-02,SUP-038,CAT-005,77.4,3.7,0,92.9,76.4,81.0,Watch
2026-03,SUP-038,CAT-005,96.6,2.58,0,90.2,92.6,92.0,Meets SLA
2026-04,SUP-038,CAT-005,81.9,2.51,0,93.5,88.9,86.7,Meets SLA
2026-05,SUP-038,CAT-005,88.7,2.3,0,94.0,89.9,89.7,Meets SLA
2026-06,SUP-038,CAT-005,84.6,2.46,0,93.2,81.5,86.4,Meets SLA
2025-01,SUP-039,CAT-005,92.0,0.15,0,92.3,96.8,94.9,Meets SLA
2025-02,SUP-039,CAT-005,97.1,1.62,0,92.8,83.8,92.4,Meets SLA
2025-03,SUP-039,CAT-005,89.7,0.63,0,91.4,90.3,92.1,Meets SLA
2025-04,SUP-039,CAT-005,88.3,1.65,0,99.8,88.5,91.3,Meets SLA
2025-05,SUP-039,CAT-005,81.9,1.41,0,97.4,71.8,85.9,Watch
2025-06,SUP-039,CAT-005,99,0.1,0,94.0,81.6,95.1,Meets SLA
2025-07,SUP-039,CAT-005,89.7,1.24,0,99.8,84.4,91.7,Meets SLA
2025-08,SUP-039,CAT-005,89.1,0.1,0,96.1,87.2,92.9,Meets SLA
2025-09,SUP-039,CAT-005,91.5,1.87,0,99.0,90.6,92.4,Meets SLA
2025-10,SUP-039,CAT-005,88.9,1.2,0,98.8,78.3,90.2,Meets SLA
2025-11,SUP-039,CAT-005,92.1,2.09,0,94.6,76.5,88.9,Meets SLA
2025-12,SUP-039,CAT-005,99,0.27,0,88.4,86.0,94.6,Meets SLA
2026-01,SUP-039,CAT-005,85.2,1.38,0,99.8,89.5,90.8,Meets SLA
2026-02,SUP-039,CAT-005,87.6,2.57,0,97.5,93.4,90.2,Meets SLA
2026-03,SUP-039,CAT-005,95.9,0.52,0,96.1,83.3,94.0,Meets SLA
2026-04,SUP-039,CAT-005,90.3,0.38,0,92.6,88.9,92.7,Meets SLA
2026-05,SUP-039,CAT-005,92.7,1.79,0,99.8,93.2,93.5,Meets SLA
2026-06,SUP-039,CAT-005,88.4,2.64,0,94.3,83.1,88.0,Meets SLA
2025-01,SUP-040,CAT-005,96.2,1.79,0,95.8,77.0,91.1,Meets SLA
2025-02,SUP-040,CAT-005,94.4,3.03,0,92.9,80.8,88.9,Meets SLA
2025-03,SUP-040,CAT-005,88.3,1.36,0,95.3,77.6,88.9,Meets SLA
2025-04,SUP-040,CAT-005,91.2,2.73,0,90.2,96.4,90.5,Meets SLA
2025-05,SUP-040,CAT-005,91.0,1.99,0,85.6,93.5,90.1,Meets SLA
2025-06,SUP-040,CAT-005,93.2,2.38,0,89.7,82.0,89.0,Meets SLA
2025-07,SUP-040,CAT-005,78.3,3.58,0,88.4,85.8,82.4,Watch
2025-08,SUP-040,CAT-005,90.3,2.63,0,94.0,77.2,87.5,Meets SLA
2025-09,SUP-040,CAT-005,79.4,2.55,0,96.4,88.1,86.1,Meets SLA
2025-10,SUP-040,CAT-005,99,3.12,0,95.3,89.8,92.5,Meets SLA
2025-11,SUP-040,CAT-005,88.0,1.52,0,90.6,79.0,88.0,Meets SLA
2025-12,SUP-040,CAT-005,94.5,3.71,0,91.8,80.3,87.7,Meets SLA
2026-01,SUP-040,CAT-005,87.3,3.15,0,94.1,83.3,86.8,Meets SLA
2026-02,SUP-040,CAT-005,85.7,2.0,0,99.4,89.4,90.0,Meets SLA
2026-03,SUP-040,CAT-005,89.7,1.39,0,91.9,84.9,90.1,Meets SLA
2026-04,SUP-040,CAT-005,81.1,1.5,1,89.5,68.0,80.9,Watch
2026-05,SUP-040,CAT-005,91.8,2.58,0,93.5,89.7,90.3,Meets SLA
2026-06,SUP-040,CAT-005,91.7,2.13,0,92.6,78.3,88.7,Meets SLA
2025-01,SUP-041,CAT-006,92.0,2.67,0,85.1,70.5,85.3,Watch
2025-02,SUP-041,CAT-006,89.3,1.08,0,89.2,78.2,88.7,Meets SLA
2025-03,SUP-041,CAT-006,85.4,2.83,0,91.5,82.9,86.1,Meets SLA
2025-04,SUP-041,CAT-006,85.0,0.81,0,92.7,87.6,89.9,Meets SLA
2025-05,SUP-041,CAT-006,85.5,1.38,0,92.4,78.2,87.5,Meets SLA
2025-06,SUP-041,CAT-006,99,2.9,0,93.7,83.6,91.4,Meets SLA
2025-07,SUP-041,CAT-006,82.3,1.94,0,88.5,83.7,85.8,Watch
2025-08,SUP-041,CAT-006,72.9,3.47,0,95.9,91.0,82.9,Watch
2025-09,SUP-041,CAT-006,82.5,1.93,0,93.1,92.2,88.3,Meets SLA
2025-10,SUP-041,CAT-006,84.9,2.68,0,98.5,81.0,87.0,Meets SLA
2025-11,SUP-041,CAT-006,89.8,2.47,1,89.5,97.6,88.0,Meets SLA
2025-12,SUP-041,CAT-006,83.8,1.82,0,82.7,76.5,84.2,Watch
2026-01,SUP-041,CAT-006,81.9,1.69,0,89.8,84.5,86.4,Meets SLA
2026-02,SUP-041,CAT-006,84.8,0.81,0,93.0,92.8,90.8,Meets SLA
2026-03,SUP-041,CAT-006,83.7,2.12,0,93.8,80.4,86.4,Meets SLA
2026-04,SUP-041,CAT-006,81.4,1.53,0,94.3,94.2,89.0,Meets SLA
2026-05,SUP-041,CAT-006,95.0,2.32,0,94.6,89.5,92.0,Meets SLA
2026-06,SUP-041,CAT-006,92.6,2.11,0,91.1,87.4,90.4,Meets SLA
2025-01,SUP-042,CAT-006,95.6,1.57,0,94.6,83.9,92.3,Meets SLA
2025-02,SUP-042,CAT-006,85.5,2.3,0,94.9,80.2,87.0,Meets SLA
2025-03,SUP-042,CAT-006,99,0.33,0,98.2,83.9,95.9,Meets SLA
2025-04,SUP-042,CAT-006,94.7,2.86,0,93.0,89.7,90.9,Meets SLA
2025-05,SUP-042,CAT-006,89.7,1.86,0,91.0,97.0,91.4,Meets SLA
2025-06,SUP-042,CAT-006,90.6,2.5,0,90.2,81.2,87.9,Meets SLA
2025-07,SUP-042,CAT-006,99,0.5,0,98.7,94.3,97.6,Meets SLA
2025-08,SUP-042,CAT-006,95.5,2.63,0,91.7,78.8,89.3,Meets SLA
2025-09,SUP-042,CAT-006,82.6,2.55,0,96.8,86.0,87.0,Meets SLA
2025-10,SUP-042,CAT-006,83.3,0.6,0,99.8,92.5,91.7,Meets SLA
2025-11,SUP-042,CAT-006,84.1,2.46,0,97.2,99,90.1,Meets SLA
2025-12,SUP-042,CAT-006,99,1.3,0,95.9,84.9,94.3,Meets SLA
2026-01,SUP-042,CAT-006,92.9,2.24,0,98.0,86.4,91.4,Meets SLA
2026-02,SUP-042,CAT-006,88.6,2.76,0,97.1,77.7,87.4,Meets SLA
2026-03,SUP-042,CAT-006,90.5,1.62,0,98.0,83.5,90.9,Meets SLA
2026-04,SUP-042,CAT-006,91.3,3.14,0,94.5,87.9,89.2,Meets SLA
2026-05,SUP-042,CAT-006,92.6,1.57,0,98.4,88.5,92.7,Meets SLA
2026-06,SUP-042,CAT-006,85.1,2.04,0,88.5,86.4,87.2,Meets SLA
2025-01,SUP-043,CAT-006,83.8,2.96,0,95.9,85.2,86.5,Meets SLA
2025-02,SUP-043,CAT-006,97.8,1.7,0,96.1,91.6,94.5,Meets SLA
2025-03,SUP-043,CAT-006,89.8,1.5,0,99.8,86.1,91.6,Meets SLA
2025-04,SUP-043,CAT-006,86.0,1.94,0,91.8,87.8,88.5,Meets SLA
2025-05,SUP-043,CAT-006,83.8,0.4,0,96.4,85.6,90.4,Meets SLA
2025-06,SUP-043,CAT-006,76.9,1.96,0,98.4,95.6,87.8,Meets SLA
2025-07,SUP-043,CAT-006,84.0,3.06,0,92.7,89.7,86.7,Meets SLA
2025-08,SUP-043,CAT-006,82.0,2.81,0,93.0,82.6,85.1,Watch
2025-09,SUP-043,CAT-006,94.3,2.16,0,96.8,86.2,91.8,Meets SLA
2025-10,SUP-043,CAT-006,84.3,1.27,0,99.8,84.9,89.8,Meets SLA
2025-11,SUP-043,CAT-006,89.8,3.17,0,91.5,81.5,86.9,Meets SLA
2025-12,SUP-043,CAT-006,88.4,3.67,0,93.0,81.5,85.9,Watch
2026-01,SUP-043,CAT-006,77.4,1.43,0,94.7,87.2,86.5,Meets SLA
2026-02,SUP-043,CAT-006,92.3,2.5,0,98.5,82.1,90.1,Meets SLA
2026-03,SUP-043,CAT-006,87.4,2.95,0,90.7,81.3,86.2,Meets SLA
2026-04,SUP-043,CAT-006,91.4,1.5,0,96.7,99,94.0,Meets SLA
2026-05,SUP-043,CAT-006,97.3,1.82,0,94.1,85.8,92.8,Meets SLA
2026-06,SUP-043,CAT-006,83.9,4.13,0,94.6,86.0,84.8,Watch
2025-01,SUP-044,CAT-006,83.8,2.4,0,96.5,83.9,87.2,Meets SLA
2025-02,SUP-044,CAT-006,73.9,2.47,0,82.8,86.2,81.5,Watch
2025-03,SUP-044,CAT-006,92.3,3.36,0,97.2,74.9,87.4,Meets SLA
2025-04,SUP-044,CAT-006,81.0,2.09,0,96.6,79.5,85.9,Watch
2025-05,SUP-044,CAT-006,92.2,3.09,0,88.2,82.9,87.5,Meets SLA
2025-06,SUP-044,CAT-006,90.6,1.98,0,91.5,85.6,89.6,Meets SLA
2025-07,SUP-044,CAT-006,90.4,3.59,0,96.3,91.3,89.1,Meets SLA
2025-08,SUP-044,CAT-006,87.7,1.97,0,94.7,74.8,87.3,Meets SLA
2025-09,SUP-044,CAT-006,95.7,1.32,0,94.3,85.2,92.8,Meets SLA
2025-10,SUP-044,CAT-006,88.9,2.36,0,91.9,94.6,90.2,Meets SLA
2025-11,SUP-044,CAT-006,87.0,1.14,0,91.9,85.0,89.5,Meets SLA
2025-12,SUP-044,CAT-006,91.9,1.82,0,87.2,91.4,90.6,Meets SLA
2026-01,SUP-044,CAT-006,88.3,2.53,0,93.5,86.1,88.5,Meets SLA
2026-02,SUP-044,CAT-006,89.2,1.66,0,96.8,76.7,88.9,Meets SLA
2026-03,SUP-044,CAT-006,84.0,1.32,0,90.8,77.3,86.6,Meets SLA
2026-04,SUP-044,CAT-006,84.6,1.29,0,94.0,79.6,87.8,Meets SLA
2026-05,SUP-044,CAT-006,99,1.27,0,90.6,74.6,91.5,Meets SLA
2026-06,SUP-044,CAT-006,83.8,1.69,0,89.2,86.5,87.4,Meets SLA
2025-01,SUP-045,CAT-006,88.4,2.53,0,90.9,76.3,86.3,Meets SLA
2025-02,SUP-045,CAT-006,86.5,3.28,0,93.0,77.3,85.1,Watch
2025-03,SUP-045,CAT-006,88.0,2.12,0,93.2,84.9,88.7,Meets SLA
2025-04,SUP-045,CAT-006,81.8,1.62,0,91.7,88.0,87.5,Meets SLA
2025-05,SUP-045,CAT-006,91.1,1.75,0,92.7,78.6,89.1,Meets SLA
2025-06,SUP-045,CAT-006,87.8,1.61,0,91.0,72.6,86.8,Meets SLA
2025-07,SUP-045,CAT-006,79.8,0.81,0,91.8,82.7,87.0,Meets SLA
2025-08,SUP-045,CAT-006,80.2,1.53,0,93.1,75.8,85.1,Watch
2025-09,SUP-045,CAT-006,85.0,1.17,0,91.5,84.6,88.6,Meets SLA
2025-10,SUP-045,CAT-006,90.7,3.55,0,93.1,84.1,87.4,Meets SLA
2025-11,SUP-045,CAT-006,88.6,2.46,0,91.3,85.5,88.2,Meets SLA
2025-12,SUP-045,CAT-006,74.1,2.87,0,91.5,77.7,81.0,Watch
2026-01,SUP-045,CAT-006,89.1,2.96,0,93.7,72.6,85.7,Watch
2026-02,SUP-045,CAT-006,80.3,0.8,0,90.8,89.1,88.1,Meets SLA
2026-03,SUP-045,CAT-006,79.6,3.11,0,94.2,80.0,83.5,Watch
2026-04,SUP-045,CAT-006,85.1,2.51,0,89.0,84.5,86.3,Meets SLA
2026-05,SUP-045,CAT-006,84.6,2.12,0,91.2,87.4,87.5,Meets SLA
2026-06,SUP-045,CAT-006,92.2,1.93,0,87.4,70.8,86.9,Meets SLA
2025-01,SUP-046,CAT-006,87.7,3.57,0,91.4,70.1,83.5,Watch
2025-02,SUP-046,CAT-006,86.4,2.36,0,97.4,69.7,85.8,Watch
2025-03,SUP-046,CAT-006,86.3,1.24,0,83.9,76.3,86.1,Meets SLA
2025-04,SUP-046,CAT-006,77.6,2.79,0,93.0,86.8,84.3,Watch
2025-05,SUP-046,CAT-006,88.0,3.94,0,87.0,73.9,83.0,Watch
2025-06,SUP-046,CAT-006,78.5,2.22,0,95.5,78.2,84.3,Watch
2025-07,SUP-046,CAT-006,87.7,2.81,0,90.3,83.1,86.7,Meets SLA
2025-08,SUP-046,CAT-006,86.9,2.13,0,91.0,82.5,87.5,Meets SLA
2025-09,SUP-046,CAT-006,84.7,3.84,0,89.0,76.0,82.7,Watch
2025-10,SUP-046,CAT-006,93.1,2.48,0,89.4,80.9,88.6,Meets SLA
2025-11,SUP-046,CAT-006,95.4,3.01,0,91.7,80.2,88.9,Meets SLA
2025-12,SUP-046,CAT-006,78.2,2.53,0,99.8,83.9,85.6,Watch
2026-01,SUP-046,CAT-006,98.9,3.07,0,92.6,71.9,88.8,Meets SLA
2026-02,SUP-046,CAT-006,98.6,1.41,0,91.0,75.8,91.5,Meets SLA
2026-03,SUP-046,CAT-006,84.2,2.13,0,91.3,81.4,86.3,Meets SLA
2026-04,SUP-046,CAT-006,94.0,2.25,0,87.4,85.8,89.8,Meets SLA
2026-05,SUP-046,CAT-006,94.9,2.0,0,88.9,97.6,92.8,Meets SLA
2026-06,SUP-046,CAT-006,84.2,2.3,0,87.9,83.4,85.8,Watch
2025-01,SUP-047,CAT-006,86.4,2.5,0,92.0,73.2,85.2,Watch
2025-02,SUP-047,CAT-006,93.0,2.9,0,92.2,80.7,88.4,Meets SLA
2025-03,SUP-047,CAT-006,86.5,3.27,1,84.2,74.9,80.6,Watch
2025-04,SUP-047,CAT-006,86.6,3.14,0,91.2,95.7,88.3,Meets SLA
2025-05,SUP-047,CAT-006,85.0,0.85,0,92.5,89.9,90.2,Meets SLA
2025-06,SUP-047,CAT-006,78.5,2.49,0,88.6,79.9,83.0,Watch
2025-07,SUP-047,CAT-006,78.6,2.14,0,97.7,87.6,86.6,Meets SLA
2025-08,SUP-047,CAT-006,90.1,2.67,0,91.7,90.7,89.4,Meets SLA
2025-09,SUP-047,CAT-006,89.8,1.61,0,87.6,75.5,87.4,Meets SLA
2025-10,SUP-047,CAT-006,92.9,1.97,0,92.3,90.2,91.5,Meets SLA
2025-11,SUP-047,CAT-006,92.9,3.71,0,88.9,80.5,86.6,Meets SLA
2025-12,SUP-047,CAT-006,85.7,2.44,0,95.3,87.4,88.2,Meets SLA
2026-01,SUP-047,CAT-006,76.7,3.56,0,92.5,98.4,84.8,Watch
2026-02,SUP-047,CAT-006,85.5,2.88,0,87.8,88.7,86.4,Meets SLA
2026-03,SUP-047,CAT-006,83.5,4.05,0,90.7,84.3,83.7,Watch
2026-04,SUP-047,CAT-006,81.1,1.47,0,90.0,68.3,83.6,Watch
2026-05,SUP-047,CAT-006,95.9,3.64,0,91.0,80.5,88.2,Meets SLA
2026-06,SUP-047,CAT-006,77.4,2.52,0,92.6,98.1,86.6,Meets SLA
2025-01,SUP-048,CAT-006,81.0,2.64,0,91.9,80.2,84.3,Watch
2025-02,SUP-048,CAT-006,84.7,1.84,1,88.2,68.7,81.6,Watch
2025-03,SUP-048,CAT-006,90.5,2.54,0,87.4,84.0,87.8,Meets SLA
2025-04,SUP-048,CAT-006,83.4,2.65,0,91.6,82.3,85.5,Watch
2025-05,SUP-048,CAT-006,95.0,1.43,0,91.3,85.1,91.9,Meets SLA
2025-06,SUP-048,CAT-006,78.5,3.28,0,89.3,81.9,82.3,Watch
2025-07,SUP-048,CAT-006,88.2,2.64,0,86.7,89.1,87.6,Meets SLA
2025-08,SUP-048,CAT-006,90.2,3.24,0,89.7,85.0,87.3,Meets SLA
2025-09,SUP-048,CAT-006,98.6,2.25,0,89.0,77.5,90.2,Meets SLA
2025-10,SUP-048,CAT-006,90.2,2.75,0,91.0,76.9,86.7,Meets SLA
2025-11,SUP-048,CAT-006,83.8,2.01,0,92.0,75.8,85.5,Watch
2025-12,SUP-048,CAT-006,88.7,3.47,0,87.1,76.2,84.3,Watch
2026-01,SUP-048,CAT-006,76.8,4.21,0,90.2,87.3,81.5,Watch
2026-02,SUP-048,CAT-006,81.3,2.58,0,95.7,76.9,84.6,Watch
2026-03,SUP-048,CAT-006,76.9,3.07,0,88.6,84.3,82.4,Watch
2026-04,SUP-048,CAT-006,87.7,2.59,0,93.5,71.2,85.5,Watch
2026-05,SUP-048,CAT-006,86.1,2.53,0,91.4,67.4,83.9,Watch
2026-06,SUP-048,CAT-006,86.5,1.07,0,90.9,80.6,88.5,Meets SLA
2025-01,SUP-049,CAT-006,86.2,2.62,0,91.6,78.8,85.9,Watch
2025-02,SUP-049,CAT-006,95.2,1.69,0,97.3,86.8,93.0,Meets SLA
2025-03,SUP-049,CAT-006,90.3,1.5,0,96.9,91.2,92.2,Meets SLA
2025-04,SUP-049,CAT-006,84.0,0.58,0,94.5,85.5,89.8,Meets SLA
2025-05,SUP-049,CAT-006,88.5,0.41,0,95.5,82.7,91.3,Meets SLA
2025-06,SUP-049,CAT-006,92.9,2.01,0,96.9,83.9,91.1,Meets SLA
2025-07,SUP-049,CAT-006,84.6,1.2,0,93.9,84.3,88.8,Meets SLA
2025-08,SUP-049,CAT-006,99,1.09,0,93.0,83.9,93.9,Meets SLA
2025-09,SUP-049,CAT-006,94.6,1.7,0,89.0,93.3,92.4,Meets SLA
2025-10,SUP-049,CAT-006,92.9,1.43,0,99.3,99,95.1,Meets SLA
2025-11,SUP-049,CAT-006,96.6,2.09,0,89.3,96.3,93.2,Meets SLA
2025-12,SUP-049,CAT-006,98.3,1.8,0,86.5,85.0,91.7,Meets SLA
2026-01,SUP-049,CAT-006,99,3.21,0,90.0,93.6,92.1,Meets SLA
2026-02,SUP-049,CAT-006,83.8,1.21,0,99.8,84.3,89.6,Meets SLA
2026-03,SUP-049,CAT-006,92.9,2.02,0,97.1,89.7,92.1,Meets SLA
2026-04,SUP-049,CAT-006,85.9,1.84,0,98.4,83.7,89.0,Meets SLA
2026-05,SUP-049,CAT-006,94.6,1.16,0,98.6,92.8,94.9,Meets SLA
2026-06,SUP-049,CAT-006,91.6,3.52,0,99.8,92.2,90.5,Meets SLA
2025-01,SUP-050,CAT-007,81.3,2.23,0,91.9,86.9,86.2,Meets SLA
2025-02,SUP-050,CAT-007,95.6,2.1,0,99.1,85.8,92.7,Meets SLA
2025-03,SUP-050,CAT-007,89.7,0.61,0,91.6,72.3,88.9,Meets SLA
2025-04,SUP-050,CAT-007,97.9,2.42,0,93.1,74.8,90.0,Meets SLA
2025-05,SUP-050,CAT-007,92.1,2.13,0,91.1,82.2,89.3,Meets SLA
2025-06,SUP-050,CAT-007,99,2.83,0,92.7,94.6,93.3,Meets SLA
2025-07,SUP-050,CAT-007,96.0,3.2,0,98.2,91.1,92.0,Meets SLA
2025-08,SUP-050,CAT-007,83.5,0.1,0,93.5,80.2,89.2,Meets SLA
2025-09,SUP-050,CAT-007,83.4,1.77,0,86.1,83.7,86.0,Meets SLA
2025-10,SUP-050,CAT-007,89.3,1.17,0,89.0,74.5,87.9,Meets SLA
2025-11,SUP-050,CAT-007,96.9,1.65,0,97.3,91.6,94.5,Meets SLA
2025-12,SUP-050,CAT-007,88.5,1.94,0,96.8,90.7,90.8,Meets SLA
2026-01,SUP-050,CAT-007,95.6,1.59,0,98.6,88.9,93.9,Meets SLA
2026-02,SUP-050,CAT-007,97.7,0.1,0,96.8,91.1,96.9,Meets SLA
2026-03,SUP-050,CAT-007,97.3,2.46,0,92.2,64.7,87.7,Meets SLA
2026-04,SUP-050,CAT-007,81.7,0.89,0,87.6,91.0,88.3,Meets SLA
2026-05,SUP-050,CAT-007,92.7,0.1,0,95.6,89.4,94.5,Meets SLA
2026-06,SUP-050,CAT-007,81.1,2.86,0,93.1,91.9,86.4,Meets SLA
2025-01,SUP-051,CAT-007,99,2.11,0,95.7,83.9,92.9,Meets SLA
2025-02,SUP-051,CAT-007,89.1,1.68,0,92.4,80.6,88.8,Meets SLA
2025-03,SUP-051,CAT-007,89.9,0.1,0,94.2,85.3,92.5,Meets SLA
2025-04,SUP-051,CAT-007,95.4,1.24,0,91.7,87.9,92.9,Meets SLA
2025-05,SUP-051,CAT-007,92.3,1.81,0,90.9,80.3,89.4,Meets SLA
2025-06,SUP-051,CAT-007,94.4,2.4,0,92.9,87.8,91.1,Meets SLA
2025-07,SUP-051,CAT-007,96.2,2.44,0,98.9,88.0,92.8,Meets SLA
2025-08,SUP-051,CAT-007,94.5,2.21,1,88.5,92.9,89.0,Meets SLA
2025-09,SUP-051,CAT-007,93.3,0.95,0,94.1,89.2,93.2,Meets SLA
2025-10,SUP-051,CAT-007,83.8,1.81,0,92.7,87.3,88.0,Meets SLA
2025-11,SUP-051,CAT-007,93.0,3.66,0,98.7,86.3,89.5,Meets SLA
2025-12,SUP-051,CAT-007,93.5,2.54,0,95.3,88.7,91.1,Meets SLA
2026-01,SUP-051,CAT-007,90.5,1.63,0,89.1,94.4,91.3,Meets SLA
2026-02,SUP-051,CAT-007,83.9,1.47,1,94.8,89.9,86.8,Meets SLA
2026-03,SUP-051,CAT-007,95.8,1.43,0,99.8,94.4,95.4,Meets SLA
2026-04,SUP-051,CAT-007,87.2,0.1,0,91.4,80.5,90.2,Meets SLA
2026-05,SUP-051,CAT-007,91.3,0.3,0,91.3,81.2,91.5,Meets SLA
2026-06,SUP-051,CAT-007,99,0.8,0,93.0,96.9,96.7,Meets SLA
2025-01,SUP-052,CAT-007,81.8,3.86,0,82.7,90.3,83.0,Watch
2025-02,SUP-052,CAT-007,84.1,2.39,0,97.1,88.8,88.3,Meets SLA
2025-03,SUP-052,CAT-007,81.0,1.98,0,94.2,81.6,85.9,Watch
2025-04,SUP-052,CAT-007,89.7,1.42,0,92.6,83.5,89.9,Meets SLA
2025-05,SUP-052,CAT-007,81.3,3.48,0,90.6,69.0,81.0,Watch
2025-06,SUP-052,CAT-007,78.9,2.06,0,96.1,78.6,84.9,Watch
2025-07,SUP-052,CAT-007,85.3,0.1,0,88.8,81.1,89.2,Meets SLA
2025-08,SUP-052,CAT-007,88.8,1.34,0,92.3,87.9,90.5,Meets SLA
2025-09,SUP-052,CAT-007,99,2.88,0,88.2,84.8,90.6,Meets SLA
2025-10,SUP-052,CAT-007,84.4,1.33,0,89.3,70.5,85.2,Watch
2025-11,SUP-052,CAT-007,84.8,1.2,0,86.8,80.1,86.8,Meets SLA
2025-12,SUP-052,CAT-007,92.9,2.78,0,93.8,83.8,89.4,Meets SLA
2026-01,SUP-052,CAT-007,81.8,4.32,0,91.4,90.8,84.0,Watch
2026-02,SUP-052,CAT-007,85.1,2.14,0,91.5,83.8,87.1,Meets SLA
2026-03,SUP-052,CAT-007,90.0,2.91,0,88.6,81.3,86.8,Meets SLA
2026-04,SUP-052,CAT-007,84.4,1.46,0,95.1,69.6,85.9,Watch
2026-05,SUP-052,CAT-007,85.2,2.55,0,87.8,92.3,87.4,Meets SLA
2026-06,SUP-052,CAT-007,85.6,3.3,0,92.4,79.8,85.1,Watch
2025-01,SUP-053,CAT-007,89.0,1.88,0,89.6,89.2,89.5,Meets SLA
2025-02,SUP-053,CAT-007,93.6,2.82,0,94.7,86.0,90.1,Meets SLA
2025-03,SUP-053,CAT-007,92.1,1.33,0,95.3,78.3,90.5,Meets SLA
2025-04,SUP-053,CAT-007,89.1,3.44,0,88.4,78.4,85.2,Watch
2025-05,SUP-053,CAT-007,77.8,1.22,0,92.1,82.0,85.6,Watch
2025-06,SUP-053,CAT-007,88.8,1.55,0,91.9,81.1,88.9,Meets SLA
2025-07,SUP-053,CAT-007,92.6,3.09,0,94.9,90.4,90.2,Meets SLA
2025-08,SUP-053,CAT-007,93.0,3.13,0,94.6,86.8,89.6,Meets SLA
2025-09,SUP-053,CAT-007,79.7,2.38,0,91.9,79.7,84.2,Watch
2025-10,SUP-053,CAT-007,98.2,2.55,0,90.9,84.0,91.2,Meets SLA
2025-11,SUP-053,CAT-007,85.5,1.43,0,92.8,87.3,89.2,Meets SLA
2025-12,SUP-053,CAT-007,84.3,2.44,0,99.8,86.1,88.3,Meets SLA
2026-01,SUP-053,CAT-007,75.8,1.82,0,93.4,79.2,83.7,Watch
2026-02,SUP-053,CAT-007,83.1,0.12,0,94.8,82.5,89.7,Meets SLA
2026-03,SUP-053,CAT-007,82.8,4.74,0,91.9,76.4,81.3,Watch
2026-04,SUP-053,CAT-007,94.5,1.36,0,99.4,81.6,92.6,Meets SLA
2026-05,SUP-053,CAT-007,87.7,1.24,0,89.7,78.9,88.2,Meets SLA
2026-06,SUP-053,CAT-007,93.2,2.31,0,93.4,91.2,91.5,Meets SLA
2025-01,SUP-054,CAT-007,84.7,2.52,0,93.3,78.4,85.8,Watch
2025-02,SUP-054,CAT-007,99,2.65,0,92.0,85.5,91.8,Meets SLA
2025-03,SUP-054,CAT-007,86.0,2.35,0,99.8,91.1,90.0,Meets SLA
2025-04,SUP-054,CAT-007,90.9,1.97,0,91.9,87.9,90.2,Meets SLA
2025-05,SUP-054,CAT-007,87.8,2.46,0,94.8,92.2,89.7,Meets SLA
2025-06,SUP-054,CAT-007,90.9,4.0,0,92.4,88.3,87.5,Meets SLA
2025-07,SUP-054,CAT-007,87.0,1.02,0,94.9,85.4,90.3,Meets SLA
2025-08,SUP-054,CAT-007,92.1,0.6,0,95.0,81.2,92.0,Meets SLA
2025-09,SUP-054,CAT-007,99,1.82,0,92.4,99.0,95.5,Meets SLA
2025-10,SUP-054,CAT-007,99,0.65,0,97.0,88.1,96.0,Meets SLA
2025-11,SUP-054,CAT-007,82.7,0.97,0,90.3,95.9,89.9,Meets SLA
2025-12,SUP-054,CAT-007,95.1,1.69,1,97.3,79.4,89.1,Meets SLA
2026-01,SUP-054,CAT-007,86.8,1.62,0,99.8,79.9,89.3,Meets SLA
2026-02,SUP-054,CAT-007,96.0,2.06,0,93.6,91.9,93.0,Meets SLA
2026-03,SUP-054,CAT-007,86.4,2.31,0,91.4,92.4,88.9,Meets SLA
2026-04,SUP-054,CAT-007,88.7,0.2,0,89.8,79.9,90.2,Meets SLA
2026-05,SUP-054,CAT-007,88.2,0.41,0,98.8,86.0,92.4,Meets SLA
2026-06,SUP-054,CAT-007,85.2,2.76,0,93.2,87.2,87.2,Meets SLA
2025-01,SUP-055,CAT-007,97.4,2.74,0,96.2,77.1,90.3,Meets SLA
2025-02,SUP-055,CAT-007,92.4,2.21,0,93.6,93.3,91.7,Meets SLA
2025-03,SUP-055,CAT-007,94.3,1.12,0,97.3,88.8,93.8,Meets SLA
2025-04,SUP-055,CAT-007,88.2,0.1,0,94.2,90.0,92.8,Meets SLA
2025-05,SUP-055,CAT-007,99,2.66,0,93.9,95.4,93.9,Meets SLA
2025-06,SUP-055,CAT-007,84.3,0.53,0,99.8,98.7,93.3,Meets SLA
2025-07,SUP-055,CAT-007,91.6,2.05,0,92.2,95.5,91.8,Meets SLA
2025-08,SUP-055,CAT-007,99,2.3,0,92.9,88.7,93.0,Meets SLA
2025-09,SUP-055,CAT-007,88.9,1.26,0,92.2,72.2,87.8,Meets SLA
2025-10,SUP-055,CAT-007,95.6,1.55,0,94.7,97.6,94.8,Meets SLA
2025-11,SUP-055,CAT-007,87.5,1.54,0,86.0,86.3,88.3,Meets SLA
2025-12,SUP-055,CAT-007,89.2,1.95,0,95.3,79.0,88.7,Meets SLA
2026-01,SUP-055,CAT-007,99,0.85,0,94.4,86.4,95.0,Meets SLA
2026-02,SUP-055,CAT-007,91.8,0.9,0,94.1,96.1,94.0,Meets SLA
2026-03,SUP-055,CAT-007,96.2,2.03,0,92.9,91.2,92.9,Meets SLA
2026-04,SUP-055,CAT-007,91.8,0.75,0,94.5,82.2,91.8,Meets SLA
2026-05,SUP-055,CAT-007,85.3,0.1,0,92.6,99,93.0,Meets SLA
2026-06,SUP-055,CAT-007,95.7,1.95,0,96.7,90.4,93.3,Meets SLA
2025-01,SUP-056,CAT-007,85.6,2.53,0,95.8,81.8,87.1,Meets SLA
2025-02,SUP-056,CAT-007,88.4,1.04,0,95.8,78.9,89.8,Meets SLA
2025-03,SUP-056,CAT-007,93.3,0.69,0,95.5,96.5,95.2,Meets SLA
2025-04,SUP-056,CAT-007,89.2,2.25,0,94.7,82.4,88.7,Meets SLA
2025-05,SUP-056,CAT-007,89.5,2.31,0,94.9,93.8,90.8,Meets SLA
2025-06,SUP-056,CAT-007,95.7,1.19,0,89.2,81.2,91.4,Meets SLA
2025-07,SUP-056,CAT-007,81.8,1.67,0,98.0,91.2,89.1,Meets SLA
2025-08,SUP-056,CAT-007,83.7,3.03,0,97.1,81.2,85.9,Watch
2025-09,SUP-056,CAT-007,83.5,2.35,0,95.7,86.3,87.4,Meets SLA
2025-10,SUP-056,CAT-007,87.8,1.77,0,97.7,83.9,89.7,Meets SLA
2025-11,SUP-056,CAT-007,90.3,3.26,0,94.8,84.9,88.2,Meets SLA
2025-12,SUP-056,CAT-007,84.8,0.67,0,88.6,89.1,89.5,Meets SLA
2026-01,SUP-056,CAT-007,96.4,1.21,0,98.0,87.2,94.3,Meets SLA
2026-02,SUP-056,CAT-007,80.6,1.43,0,92.0,91.3,88.0,Meets SLA
2026-03,SUP-056,CAT-007,87.4,1.29,0,94.3,79.8,88.9,Meets SLA
2026-04,SUP-056,CAT-007,89.7,2.17,0,93.7,89.6,90.2,Meets SLA
2026-05,SUP-056,CAT-007,89.6,2.17,0,91.2,81.6,88.2,Meets SLA
2026-06,SUP-056,CAT-007,92.4,0.86,0,96.4,85.3,92.7,Meets SLA
2025-01,SUP-057,CAT-007,89.0,0.2,0,99.8,96.8,95.1,Meets SLA
2025-02,SUP-057,CAT-007,83.9,0.45,0,95.0,81.2,89.3,Meets SLA
2025-03,SUP-057,CAT-007,90.3,2.33,0,91.7,82.4,88.5,Meets SLA
2025-04,SUP-057,CAT-007,82.5,2.47,0,92.0,91.4,87.2,Meets SLA
2025-05,SUP-057,CAT-007,95.9,3.22,0,91.8,71.1,87.2,Meets SLA
2025-06,SUP-057,CAT-007,91.1,1.05,0,94.5,96.2,93.6,Meets SLA
2025-07,SUP-057,CAT-007,94.6,3.13,0,94.1,73.7,87.7,Meets SLA
2025-08,SUP-057,CAT-007,92.0,2.52,0,85.2,90.9,89.2,Meets SLA
2025-09,SUP-057,CAT-007,87.9,1.0,0,94.5,85.3,90.6,Meets SLA
2025-10,SUP-057,CAT-007,92.9,1.3,0,88.5,93.9,92.4,Meets SLA
2025-11,SUP-057,CAT-007,84.1,1.74,0,94.9,95.4,90.0,Meets SLA
2025-12,SUP-057,CAT-007,89.3,2.16,0,91.3,89.6,89.6,Meets SLA
2026-01,SUP-057,CAT-007,87.2,1.3,0,88.7,90.7,89.8,Meets SLA
2026-02,SUP-057,CAT-007,93.5,2.59,0,98.7,77.6,89.7,Meets SLA
2026-03,SUP-057,CAT-007,89.6,3.37,0,88.8,84.8,86.6,Meets SLA
2026-04,SUP-057,CAT-007,90.3,1.58,0,98.6,86.7,91.6,Meets SLA
2026-05,SUP-057,CAT-007,97.2,3.54,0,90.8,95.4,91.4,Meets SLA
2026-06,SUP-057,CAT-007,84.8,0.45,0,95.2,90.4,91.3,Meets SLA
2025-01,SUP-058,CAT-007,81.0,2.4,0,94.5,88.6,86.7,Meets SLA
2025-02,SUP-058,CAT-007,83.9,1.92,0,99.8,81.3,88.0,Meets SLA
2025-03,SUP-058,CAT-007,81.7,1.23,0,93.8,85.9,88.0,Meets SLA
2025-04,SUP-058,CAT-007,86.3,4.19,0,91.9,84.0,84.7,Watch
2025-05,SUP-058,CAT-007,88.0,1.74,0,97.0,88.3,90.5,Meets SLA
2025-06,SUP-058,CAT-007,81.5,2.41,0,95.7,83.3,86.1,Meets SLA
2025-07,SUP-058,CAT-007,92.6,3.45,0,95.1,82.2,88.3,Meets SLA
2025-08,SUP-058,CAT-007,89.0,2.45,0,90.9,89.0,88.9,Meets SLA
2025-09,SUP-058,CAT-007,91.3,2.68,0,97.0,93.4,91.3,Meets SLA
2025-10,SUP-058,CAT-007,83.0,1.29,0,93.6,87.2,88.6,Meets SLA
2025-11,SUP-058,CAT-007,89.2,3.32,0,92.8,80.8,86.6,Meets SLA
2025-12,SUP-058,CAT-007,93.0,2.02,0,99.8,83.1,91.5,Meets SLA
2026-01,SUP-058,CAT-007,84.0,2.28,1,99.8,93.4,87.2,Meets SLA
2026-02,SUP-058,CAT-007,80.2,2.32,0,90.4,84.1,84.9,Watch
2026-03,SUP-058,CAT-007,85.0,3.29,0,93.5,82.1,85.5,Watch
2026-04,SUP-058,CAT-007,88.4,1.71,0,94.1,81.6,89.0,Meets SLA
2026-05,SUP-058,CAT-007,84.0,1.37,0,99.7,86.6,89.8,Meets SLA
2026-06,SUP-058,CAT-007,97.7,2.33,0,92.8,78.7,90.7,Meets SLA
2025-01,SUP-059,CAT-007,90.1,1.59,0,94.1,84.4,90.3,Meets SLA
2025-02,SUP-059,CAT-007,94.8,0.1,0,96.2,85.3,94.6,Meets SLA
2025-03,SUP-059,CAT-007,79.4,2.1,0,93.8,73.6,83.7,Watch
2025-04,SUP-059,CAT-007,83.1,1.23,0,91.8,84.9,87.9,Meets SLA
2025-05,SUP-059,CAT-007,77.3,1.4,0,96.1,76.3,84.9,Watch
2025-06,SUP-059,CAT-007,78.5,4.04,0,93.3,78.8,81.4,Watch
2025-07,SUP-059,CAT-007,89.7,0.56,0,93.2,78.2,90.3,Meets SLA
2025-08,SUP-059,CAT-007,85.0,3.38,0,91.5,67.6,82.4,Watch
2025-09,SUP-059,CAT-007,91.0,1.47,0,94.0,87.9,91.4,Meets SLA
2025-10,SUP-059,CAT-007,84.4,1.89,0,92.7,87.8,88.1,Meets SLA
2025-11,SUP-059,CAT-007,96.8,1.35,0,92.1,89.0,93.5,Meets SLA
2025-12,SUP-059,CAT-007,90.2,1.46,0,93.4,97.4,92.7,Meets SLA
2026-01,SUP-059,CAT-007,86.6,2.54,0,91.3,85.6,87.4,Meets SLA
2026-02,SUP-059,CAT-007,86.9,1.34,0,89.8,83.8,88.6,Meets SLA
2026-03,SUP-059,CAT-007,94.8,2.17,0,97.1,77.9,90.5,Meets SLA
2026-04,SUP-059,CAT-007,95.2,2.05,0,97.2,87.5,92.5,Meets SLA
2026-05,SUP-059,CAT-007,97.4,1.64,0,97.9,89.9,94.5,Meets SLA
2026-06,SUP-059,CAT-007,85.1,2.82,0,89.9,86.2,86.3,Meets SLA
2025-01,SUP-060,CAT-007,87.4,2.11,0,98.8,90.0,90.4,Meets SLA
2025-02,SUP-060,CAT-007,93.3,2.57,0,99.1,82.7,90.6,Meets SLA
2025-03,SUP-060,CAT-007,83.8,3.07,0,92.1,82.6,85.2,Watch
2025-04,SUP-060,CAT-007,91.7,4.16,0,91.5,79.6,85.8,Watch
2025-05,SUP-060,CAT-007,86.5,0.98,0,88.7,99,91.5,Meets SLA
2025-06,SUP-060,CAT-007,89.4,2.74,1,93.7,77.6,84.6,Watch
2025-07,SUP-060,CAT-007,90.8,2.84,0,94.3,81.3,88.2,Meets SLA
2025-08,SUP-060,CAT-007,86.1,2.69,0,96.9,92.4,89.2,Meets SLA
2025-09,SUP-060,CAT-007,79.7,4.11,0,97.0,95.5,85.4,Watch
2025-10,SUP-060,CAT-007,88.6,2.78,0,92.8,85.6,88.0,Meets SLA
2025-11,SUP-060,CAT-007,91.6,3.15,0,95.2,79.5,87.9,Meets SLA
2025-12,SUP-060,CAT-007,80.6,2.11,0,92.2,92.2,87.2,Meets SLA
2026-01,SUP-060,CAT-007,87.7,2.0,0,94.3,93.2,90.4,Meets SLA
2026-02,SUP-060,CAT-007,80.5,1.91,0,96.2,93.5,88.4,Meets SLA
2026-03,SUP-060,CAT-007,81.2,1.45,0,94.8,84.1,87.4,Meets SLA
2026-04,SUP-060,CAT-007,89.7,1.41,0,90.5,85.3,89.9,Meets SLA
2026-05,SUP-060,CAT-007,86.9,3.23,0,90.5,71.1,83.7,Watch
2026-06,SUP-060,CAT-007,84.5,3.39,0,98.1,80.9,85.8,Watch
2025-01,SUP-061,CAT-007,96.5,2.85,0,95.6,94.6,92.9,Meets SLA
2025-02,SUP-061,CAT-007,91.9,2.3,0,98.3,92.7,92.1,Meets SLA
2025-03,SUP-061,CAT-007,89.4,0.41,0,97.7,84.1,92.3,Meets SLA
2025-04,SUP-061,CAT-007,91.8,2.5,0,94.7,71.0,87.3,Meets SLA
2025-05,SUP-061,CAT-007,96.6,2.58,0,98.9,84.5,92.1,Meets SLA
2025-06,SUP-061,CAT-007,89.7,2.09,0,95.5,78.3,88.6,Meets SLA
2025-07,SUP-061,CAT-007,96.4,0.94,0,95.0,90.7,94.8,Meets SLA
2025-08,SUP-061,CAT-007,91.8,1.74,0,98.8,91.7,92.8,Meets SLA
2025-09,SUP-061,CAT-007,77.8,1.08,0,87.9,83.3,85.3,Watch
2025-10,SUP-061,CAT-007,91.4,1.4,0,91.9,89.1,91.5,Meets SLA
2025-11,SUP-061,CAT-007,90.8,2.51,0,91.8,79.2,87.9,Meets SLA
2025-12,SUP-061,CAT-007,82.9,1.73,0,89.7,97.0,89.0,Meets SLA
2026-01,SUP-061,CAT-007,92.4,1.82,0,93.1,85.2,90.7,Meets SLA
2026-02,SUP-061,CAT-007,84.9,1.49,0,89.5,99,90.4,Meets SLA
2026-03,SUP-061,CAT-007,86.5,1.41,0,96.1,90.7,90.7,Meets SLA
2026-04,SUP-061,CAT-007,88.9,2.7,0,93.8,97.1,90.5,Meets SLA
2026-05,SUP-061,CAT-007,90.3,2.25,0,93.2,90.1,90.3,Meets SLA
2026-06,SUP-061,CAT-007,88.0,0.1,0,92.0,83.1,91.0,Meets SLA
2025-01,SUP-062,CAT-008,82.6,3.46,0,94.8,84.4,85.0,Watch
2025-02,SUP-062,CAT-008,89.0,2.01,0,96.7,86.8,90.2,Meets SLA
2025-03,SUP-062,CAT-008,81.3,0.38,0,93.6,78.1,87.7,Meets SLA
2025-04,SUP-062,CAT-008,88.6,0.59,0,93.9,78.2,90.0,Meets SLA
2025-05,SUP-062,CAT-008,91.2,3.1,0,93.0,79.0,87.3,Meets SLA
2025-06,SUP-062,CAT-008,83.5,1.3,1,95.2,82.9,85.8,Watch
2025-07,SUP-062,CAT-008,91.9,2.39,0,96.3,95.6,92.2,Meets SLA
2025-08,SUP-062,CAT-008,90.3,2.05,0,90.0,81.3,88.4,Meets SLA
2025-09,SUP-062,CAT-008,93.3,3.27,0,96.9,86.0,89.8,Meets SLA
2025-10,SUP-062,CAT-008,91.0,3.4,0,93.2,89.4,88.8,Meets SLA
2025-11,SUP-062,CAT-008,88.8,1.64,0,95.2,89.6,90.8,Meets SLA
2025-12,SUP-062,CAT-008,91.6,1.74,0,93.1,80.4,89.7,Meets SLA
2026-01,SUP-062,CAT-008,84.4,0.71,0,93.1,82.7,89.0,Meets SLA
2026-02,SUP-062,CAT-008,90.2,2.34,0,91.1,93.3,90.3,Meets SLA
2026-03,SUP-062,CAT-008,90.5,1.63,0,86.0,77.1,87.6,Meets SLA
2026-04,SUP-062,CAT-008,85.3,0.53,0,94.3,75.2,88.5,Meets SLA
2026-05,SUP-062,CAT-008,91.2,1.62,0,99.8,83.9,91.6,Meets SLA
2026-06,SUP-062,CAT-008,88.5,1.17,0,94.9,89.1,91.3,Meets SLA
2025-01,SUP-063,CAT-008,83.8,0.64,0,92.2,88.9,89.9,Meets SLA
2025-02,SUP-063,CAT-008,83.0,2.37,0,92.4,87.3,86.8,Meets SLA
2025-03,SUP-063,CAT-008,97.0,2.17,0,95.3,81.2,91.6,Meets SLA
2025-04,SUP-063,CAT-008,84.9,2.24,0,98.5,77.4,87.0,Meets SLA
2025-05,SUP-063,CAT-008,76.1,2.55,0,94.3,84.2,83.9,Watch
2025-06,SUP-063,CAT-008,91.9,2.15,0,95.5,83.5,90.2,Meets SLA
2025-07,SUP-063,CAT-008,81.5,3.16,0,93.9,94.0,86.6,Meets SLA
2025-08,SUP-063,CAT-008,83.7,2.07,0,95.7,89.4,88.5,Meets SLA
2025-09,SUP-063,CAT-008,85.7,2.09,0,91.8,87.2,88.1,Meets SLA
2025-10,SUP-063,CAT-008,87.7,2.0,0,97.2,94.0,91.1,Meets SLA
2025-11,SUP-063,CAT-008,83.2,1.92,0,91.7,87.8,87.5,Meets SLA
2025-12,SUP-063,CAT-008,83.5,3.02,0,94.2,86.0,86.1,Meets SLA
2026-01,SUP-063,CAT-008,90.3,1.78,0,99.8,87.1,91.6,Meets SLA
2026-02,SUP-063,CAT-008,98.7,2.12,0,95.2,87.4,93.4,Meets SLA
2026-03,SUP-063,CAT-008,97.9,2.71,0,95.5,93.6,93.4,Meets SLA
2026-04,SUP-063,CAT-008,87.6,2.62,0,91.4,95.3,89.4,Meets SLA
2026-05,SUP-063,CAT-008,85.1,2.08,0,98.9,73.3,86.6,Meets SLA
2026-06,SUP-063,CAT-008,77.1,2.44,0,93.6,67.9,81.3,Watch
2025-01,SUP-064,CAT-008,86.8,4.14,0,90.8,87.1,85.3,Watch
2025-02,SUP-064,CAT-008,86.6,2.99,0,89.5,78.0,85.0,Watch
2025-03,SUP-064,CAT-008,94.3,4.0,0,96.3,84.8,88.8,Meets SLA
2025-04,SUP-064,CAT-008,82.4,1.14,0,94.8,74.5,86.5,Meets SLA
2025-05,SUP-064,CAT-008,76.6,3.32,0,92.7,82.7,82.4,Watch
2025-06,SUP-064,CAT-008,84.4,3.0,0,95.5,73.4,84.5,Watch
2025-07,SUP-064,CAT-008,82.9,3.23,0,89.4,87.1,85.0,Watch
2025-08,SUP-064,CAT-008,84.6,3.39,0,94.6,79.6,84.9,Watch
2025-09,SUP-064,CAT-008,93.9,1.74,0,91.5,77.6,89.7,Meets SLA
2025-10,SUP-064,CAT-008,82.8,1.5,0,88.3,84.7,86.8,Meets SLA
2025-11,SUP-064,CAT-008,81.7,2.67,0,90.2,85.0,85.1,Watch
2025-12,SUP-064,CAT-008,79.8,2.62,0,91.2,80.5,83.9,Watch
2026-01,SUP-064,CAT-008,90.1,3.63,0,95.7,63.3,83.8,Watch
2026-02,SUP-064,CAT-008,79.6,2.97,0,87.8,66.6,80.2,Watch
2026-03,SUP-064,CAT-008,91.6,4.2,0,93.7,88.3,87.7,Meets SLA
2026-04,SUP-064,CAT-008,86.5,3.34,0,95.1,81.5,86.1,Meets SLA
2026-05,SUP-064,CAT-008,87.1,3.45,0,95.5,89.5,87.7,Meets SLA
2026-06,SUP-064,CAT-008,83.4,3.32,0,93.7,70.9,82.9,Watch
2025-01,SUP-065,CAT-008,82.9,2.3,0,98.4,93.8,89.1,Meets SLA
2025-02,SUP-065,CAT-008,89.7,2.36,0,94.2,84.8,89.1,Meets SLA
2025-03,SUP-065,CAT-008,94.1,3.24,0,93.9,74.5,87.5,Meets SLA
2025-04,SUP-065,CAT-008,90.1,1.74,0,94.0,81.5,89.5,Meets SLA
2025-05,SUP-065,CAT-008,79.0,2.21,0,95.1,73.8,83.7,Watch
2025-06,SUP-065,CAT-008,86.5,2.12,0,85.5,95.3,88.6,Meets SLA
2025-07,SUP-065,CAT-008,89.0,3.02,0,89.0,84.0,86.8,Meets SLA
2025-08,SUP-065,CAT-008,79.0,1.95,0,95.8,89.1,86.9,Meets SLA
2025-09,SUP-065,CAT-008,82.8,0.19,0,93.3,82.7,89.2,Meets SLA
2025-10,SUP-065,CAT-008,89.6,0.77,0,94.8,72.4,89.3,Meets SLA
2025-11,SUP-065,CAT-008,86.1,2.27,0,95.1,82.8,87.7,Meets SLA
2025-12,SUP-065,CAT-008,90.6,1.56,0,92.5,80.9,89.6,Meets SLA
2026-01,SUP-065,CAT-008,78.0,3.35,0,89.6,79.6,81.7,Watch
2026-02,SUP-065,CAT-008,76.5,2.03,0,94.2,89.9,85.8,Watch
2026-03,SUP-065,CAT-008,89.1,0.91,0,94.5,78.9,90.0,Meets SLA
2026-04,SUP-065,CAT-008,93.6,1.26,0,89.8,87.8,91.8,Meets SLA
2026-05,SUP-065,CAT-008,82.7,0.88,0,97.2,77.2,87.9,Meets SLA
2026-06,SUP-065,CAT-008,79.7,1.62,0,90.1,83.3,85.6,Watch
2025-01,SUP-066,CAT-008,97.9,2.58,0,88.5,70.1,88.1,Meets SLA
2025-02,SUP-066,CAT-008,77.2,1.94,0,88.0,81.0,83.4,Watch
2025-03,SUP-066,CAT-008,86.4,2.27,0,94.8,86.1,88.4,Meets SLA
2025-04,SUP-066,CAT-008,73.8,1.79,0,91.3,86.0,83.9,Watch
2025-05,SUP-066,CAT-008,87.6,2.67,0,85.4,76.6,84.8,Watch
2025-06,SUP-066,CAT-008,89.6,1.55,0,95.2,94.3,92.1,Meets SLA
2025-07,SUP-066,CAT-008,87.8,3.7,0,96.1,77.7,85.6,Watch
2025-08,SUP-066,CAT-008,82.0,2.09,0,88.8,73.6,83.8,Watch
2025-09,SUP-066,CAT-008,79.4,3.9,0,92.9,85.6,83.1,Watch
2025-10,SUP-066,CAT-008,79.6,2.09,0,92.2,85.4,85.6,Watch
2025-11,SUP-066,CAT-008,89.8,1.42,0,93.0,87.4,90.8,Meets SLA
2025-12,SUP-066,CAT-008,86.2,0.47,0,90.0,85.6,90.0,Meets SLA
2026-01,SUP-066,CAT-008,83.5,3.25,0,97.5,77.6,84.9,Watch
2026-02,SUP-066,CAT-008,77.6,1.92,0,90.4,97.7,87.1,Meets SLA
2026-03,SUP-066,CAT-008,83.5,3.09,0,92.4,90.1,86.5,Meets SLA
2026-04,SUP-066,CAT-008,89.5,1.5,0,89.0,82.7,89.0,Meets SLA
2026-05,SUP-066,CAT-008,77.3,2.2,0,89.4,79.6,83.1,Watch
2026-06,SUP-066,CAT-008,76.2,1.82,0,94.1,76.9,83.6,Watch
2025-01,SUP-067,CAT-008,82.8,1.15,0,94.8,79.9,87.6,Meets SLA
2025-02,SUP-067,CAT-008,86.4,1.74,0,91.6,85.6,88.5,Meets SLA
2025-03,SUP-067,CAT-008,77.5,2.88,0,92.5,77.2,82.3,Watch
2025-04,SUP-067,CAT-008,91.5,2.14,0,91.7,71.4,87.2,Meets SLA
2025-05,SUP-067,CAT-008,84.8,2.43,0,98.2,70.7,85.4,Watch
2025-06,SUP-067,CAT-008,90.1,3.05,0,87.2,77.2,85.6,Watch
2025-07,SUP-067,CAT-008,80.6,2.74,0,88.8,73.0,82.2,Watch
2025-08,SUP-067,CAT-008,91.7,2.04,0,87.7,79.4,88.1,Meets SLA
2025-09,SUP-067,CAT-008,80.6,3.25,0,94.6,81.9,84.1,Watch
2025-10,SUP-067,CAT-008,87.3,3.13,0,92.8,90.3,87.9,Meets SLA
2025-11,SUP-067,CAT-008,88.9,2.67,0,93.9,69.8,85.6,Watch
2025-12,SUP-067,CAT-008,82.2,0.17,0,99.8,79.4,89.6,Meets SLA
2026-01,SUP-067,CAT-008,85.9,2.08,0,98.1,75.6,87.2,Meets SLA
2026-02,SUP-067,CAT-008,82.1,2.48,0,94.4,73.6,84.2,Watch
2026-03,SUP-067,CAT-008,86.9,3.66,0,96.9,86.0,86.9,Meets SLA
2026-04,SUP-067,CAT-008,86.6,3.33,0,90.1,81.8,85.3,Watch
2026-05,SUP-067,CAT-008,85.5,0.1,0,88.9,79.7,89.0,Meets SLA
2026-06,SUP-067,CAT-008,84.4,2.95,0,92.8,85.0,86.2,Meets SLA
2025-01,SUP-068,CAT-008,82.8,0.96,0,92.0,84.5,88.2,Meets SLA
2025-02,SUP-068,CAT-008,85.7,0.89,0,95.4,82.2,89.6,Meets SLA
2025-03,SUP-068,CAT-008,86.9,1.98,0,92.6,82.4,87.9,Meets SLA
2025-04,SUP-068,CAT-008,86.2,1.99,0,97.3,79.7,88.0,Meets SLA
2025-05,SUP-068,CAT-008,89.6,2.53,0,93.2,80.6,87.9,Meets SLA
2025-06,SUP-068,CAT-008,89.6,2.16,0,92.9,79.5,88.2,Meets SLA
2025-07,SUP-068,CAT-008,86.9,2.95,0,97.2,91.5,89.0,Meets SLA
2025-08,SUP-068,CAT-008,85.0,2.16,0,90.2,92.6,88.4,Meets SLA
2025-09,SUP-068,CAT-008,81.9,1.83,0,99.8,74.9,86.3,Meets SLA
2025-10,SUP-068,CAT-008,87.8,2.18,0,86.2,86.4,87.5,Meets SLA
2025-11,SUP-068,CAT-008,96.3,1.9,0,94.9,95.8,94.3,Meets SLA
2025-12,SUP-068,CAT-008,87.8,2.42,0,88.7,86.9,87.7,Meets SLA
2026-01,SUP-068,CAT-008,77.1,2.58,0,97.2,74.6,82.9,Watch
2026-02,SUP-068,CAT-008,89.8,3.58,0,95.8,79.4,86.7,Meets SLA
2026-03,SUP-068,CAT-008,77.6,0.58,0,90.2,73.9,84.6,Watch
2026-04,SUP-068,CAT-008,86.2,4.94,0,97.8,79.7,83.9,Watch
2026-05,SUP-068,CAT-008,77.6,2.43,0,95.7,84.7,84.9,Watch
2026-06,SUP-068,CAT-008,85.5,3.97,0,95.5,84.0,85.4,Watch
2025-01,SUP-069,CAT-008,87.7,1.82,0,95.4,77.3,88.0,Meets SLA
2025-02,SUP-069,CAT-008,84.8,3.3,0,89.8,75.1,83.5,Watch
2025-03,SUP-069,CAT-008,83.2,1.5,0,92.4,87.0,88.1,Meets SLA
2025-04,SUP-069,CAT-008,82.3,1.62,0,92.3,91.3,88.3,Meets SLA
2025-05,SUP-069,CAT-008,96.0,2.49,0,91.5,92.5,92.1,Meets SLA
2025-06,SUP-069,CAT-008,86.3,1.94,0,92.1,74.1,86.2,Meets SLA
2025-07,SUP-069,CAT-008,79.6,3.24,0,88.1,77.6,81.8,Watch
2025-08,SUP-069,CAT-008,81.5,3.21,0,93.4,97.8,87.1,Meets SLA
2025-09,SUP-069,CAT-008,82.1,3.57,0,94.0,79.0,83.6,Watch
2025-10,SUP-069,CAT-008,88.9,4.06,0,98.7,79.8,86.3,Meets SLA
2025-11,SUP-069,CAT-008,91.6,3.0,0,89.9,87.7,88.6,Meets SLA
2025-12,SUP-069,CAT-008,83.2,3.31,0,98.9,74.4,84.4,Watch
2026-01,SUP-069,CAT-008,94.0,2.12,0,92.2,87.4,91.1,Meets SLA
2026-02,SUP-069,CAT-008,88.5,1.44,0,95.1,69.5,87.4,Meets SLA
2026-03,SUP-069,CAT-008,85.4,2.53,0,92.2,85.5,87.1,Meets SLA
2026-04,SUP-069,CAT-008,88.8,1.17,0,88.7,84.4,89.4,Meets SLA
2026-05,SUP-069,CAT-008,86.1,2.0,0,93.1,85.4,88.2,Meets SLA
2026-06,SUP-069,CAT-008,85.0,2.5,0,87.1,70.2,83.3,Watch
2025-01,SUP-070,CAT-008,97.2,0.81,0,96.4,76.8,93.0,Meets SLA
2025-02,SUP-070,CAT-008,84.5,0.1,0,99.5,91.0,92.6,Meets SLA
2025-03,SUP-070,CAT-008,84.4,2.15,0,93.5,80.8,86.7,Meets SLA
2025-04,SUP-070,CAT-008,93.5,1.81,0,91.4,81.1,90.1,Meets SLA
2025-05,SUP-070,CAT-008,99,1.08,0,91.9,81.5,93.3,Meets SLA
2025-06,SUP-070,CAT-008,88.8,2.74,0,94.7,82.0,87.8,Meets SLA
2025-07,SUP-070,CAT-008,77.6,1.03,0,92.7,86.2,86.7,Meets SLA
2025-08,SUP-070,CAT-008,88.7,1.23,0,88.9,80.0,88.6,Meets SLA
2025-09,SUP-070,CAT-008,88.1,3.91,0,99.7,81.1,86.6,Meets SLA
2025-10,SUP-070,CAT-008,99,3.34,0,94.2,86.6,91.4,Meets SLA
2025-11,SUP-070,CAT-008,78.9,1.21,0,89.8,87.9,86.6,Meets SLA
2025-12,SUP-070,CAT-008,90.3,1.81,0,97.5,84.0,90.5,Meets SLA
2026-01,SUP-070,CAT-008,99,3.66,0,91.9,91.5,91.4,Meets SLA
2026-02,SUP-070,CAT-008,85.1,0.73,0,98.8,89.8,91.5,Meets SLA
2026-03,SUP-070,CAT-008,88.1,1.34,0,90.8,88.4,90.0,Meets SLA
2026-04,SUP-070,CAT-008,84.4,1.72,0,97.3,88.6,89.4,Meets SLA
2026-05,SUP-070,CAT-008,88.5,0.9,0,92.4,83.5,90.2,Meets SLA
2026-06,SUP-070,CAT-008,81.4,3.16,0,99.7,86.1,86.2,Meets SLA
2025-01,SUP-071,CAT-008,96.4,1.2,0,97.3,74.8,92.0,Meets SLA
2025-02,SUP-071,CAT-008,90.0,1.9,0,92.9,97.4,91.9,Meets SLA
2025-03,SUP-071,CAT-008,92.2,2.08,0,93.7,83.0,90.0,Meets SLA
2025-04,SUP-071,CAT-008,89.1,1.25,0,96.3,84.5,90.8,Meets SLA
2025-05,SUP-071,CAT-008,95.2,2.04,0,92.6,96.4,93.4,Meets SLA
2025-06,SUP-071,CAT-008,99,3.54,0,95.4,91.6,92.2,Meets SLA
2025-07,SUP-071,CAT-008,88.1,2.89,0,97.9,88.4,89.1,Meets SLA
2025-08,SUP-071,CAT-008,89.0,2.89,0,88.0,79.1,85.9,Watch
2025-09,SUP-071,CAT-008,86.7,0.49,0,94.8,94.5,92.6,Meets SLA
2025-10,SUP-071,CAT-008,84.7,1.4,0,97.1,94.3,90.9,Meets SLA
2025-11,SUP-071,CAT-008,89.6,2.51,0,92.4,89.1,89.3,Meets SLA
2025-12,SUP-071,CAT-008,87.2,1.11,0,95.8,85.7,90.5,Meets SLA
2026-01,SUP-071,CAT-008,93.3,0.1,0,97.2,86.7,94.5,Meets SLA
2026-02,SUP-071,CAT-008,80.8,1.79,0,93.1,87.5,87.0,Meets SLA
2026-03,SUP-071,CAT-008,91.4,2.35,0,93.4,88.4,90.2,Meets SLA
2026-04,SUP-071,CAT-008,84.3,1.19,0,89.7,91.3,89.2,Meets SLA
2026-05,SUP-071,CAT-008,96.8,0.1,0,91.7,89.2,95.3,Meets SLA
2026-06,SUP-071,CAT-008,89.3,1.89,0,95.1,86.4,90.1,Meets SLA
2025-01,SUP-072,CAT-009,85.0,1.1,0,93.4,83.5,88.9,Meets SLA
2025-02,SUP-072,CAT-009,74.3,3.52,0,97.9,87.0,83.0,Watch
2025-03,SUP-072,CAT-009,73.0,3.02,0,92.6,82.0,81.4,Watch
2025-04,SUP-072,CAT-009,79.9,2.22,0,89.1,85.3,85.0,Watch
2025-05,SUP-072,CAT-009,82.7,2.64,0,95.5,80.8,85.7,Watch
2025-06,SUP-072,CAT-009,89.7,2.53,0,90.3,91.5,89.4,Meets SLA
2025-07,SUP-072,CAT-009,88.0,2.83,0,92.7,77.1,86.2,Meets SLA
2025-08,SUP-072,CAT-009,88.2,1.38,0,92.6,78.5,88.6,Meets SLA
2025-09,SUP-072,CAT-009,93.8,2.13,0,85.1,82.0,88.8,Meets SLA
2025-10,SUP-072,CAT-009,86.6,2.6,0,90.3,80.0,86.1,Meets SLA
2025-11,SUP-072,CAT-009,87.8,3.89,0,95.7,84.5,86.5,Meets SLA
2025-12,SUP-072,CAT-009,87.1,2.79,0,92.7,88.8,88.0,Meets SLA
2026-01,SUP-072,CAT-009,89.2,2.65,0,86.1,88.8,87.8,Meets SLA
2026-02,SUP-072,CAT-009,88.6,3.57,0,96.5,76.3,85.9,Watch
2026-03,SUP-072,CAT-009,92.7,2.04,0,89.1,90.5,90.8,Meets SLA
2026-04,SUP-072,CAT-009,87.6,2.59,0,87.5,89.9,87.7,Meets SLA
2026-05,SUP-072,CAT-009,86.8,2.9,0,93.6,78.9,86.1,Meets SLA
2026-06,SUP-072,CAT-009,90.4,2.84,0,89.6,82.6,87.4,Meets SLA
2025-01,SUP-073,CAT-009,85.9,2.26,0,94.6,83.9,87.8,Meets SLA
2025-02,SUP-073,CAT-009,82.7,2.08,0,93.7,80.7,86.2,Meets SLA
2025-03,SUP-073,CAT-009,89.0,1.12,0,87.3,85.8,89.6,Meets SLA
2025-04,SUP-073,CAT-009,78.5,3.2,0,96.1,89.2,85.0,Watch
2025-05,SUP-073,CAT-009,87.2,2.67,0,93.9,75.0,85.9,Watch
2025-06,SUP-073,CAT-009,86.3,1.75,0,97.1,78.1,88.1,Meets SLA
2025-07,SUP-073,CAT-009,83.5,1.83,0,90.3,79.6,86.0,Meets SLA
2025-08,SUP-073,CAT-009,78.6,0.89,0,91.7,86.0,87.0,Meets SLA
2025-09,SUP-073,CAT-009,83.2,2.33,0,90.2,81.9,85.6,Watch
2025-10,SUP-073,CAT-009,76.1,2.81,0,90.7,77.2,81.6,Watch
2025-11,SUP-073,CAT-009,87.1,1.28,0,91.9,77.4,88.0,Meets SLA
2025-12,SUP-073,CAT-009,92.9,3.31,0,90.3,80.7,87.5,Meets SLA
2026-01,SUP-073,CAT-009,88.9,2.66,0,92.2,89.3,88.9,Meets SLA
2026-02,SUP-073,CAT-009,86.4,2.7,0,98.2,75.5,86.5,Meets SLA
2026-03,SUP-073,CAT-009,80.4,1.46,0,90.7,98.0,88.8,Meets SLA
2026-04,SUP-073,CAT-009,90.0,2.1,0,99.8,89.2,91.4,Meets SLA
2026-05,SUP-073,CAT-009,73.4,3.58,0,87.9,76.8,78.9,Watch
2026-06,SUP-073,CAT-009,85.0,3.24,0,90.1,87.1,85.8,Watch
2025-01,SUP-074,CAT-009,87.8,3.84,0,90.4,90.7,86.7,Meets SLA
2025-02,SUP-074,CAT-009,88.4,1.86,0,92.1,65.1,85.4,Watch
2025-03,SUP-074,CAT-009,94.9,2.69,0,88.6,89.4,90.3,Meets SLA
2025-04,SUP-074,CAT-009,93.1,1.7,0,94.2,85.5,91.4,Meets SLA
2025-05,SUP-074,CAT-009,91.9,2.39,0,97.9,79.7,89.6,Meets SLA
2025-06,SUP-074,CAT-009,90.9,2.71,0,96.3,88.0,90.0,Meets SLA
2025-07,SUP-074,CAT-009,76.2,1.88,0,95.1,77.3,83.7,Watch
2025-08,SUP-074,CAT-009,95.9,3.03,0,91.4,83.6,89.6,Meets SLA
2025-09,SUP-074,CAT-009,85.0,2.22,0,95.1,80.5,87.0,Meets SLA
2025-10,SUP-074,CAT-009,78.5,4.44,0,89.6,73.6,79.2,Watch
2025-11,SUP-074,CAT-009,87.2,2.52,0,89.0,81.5,86.5,Meets SLA
2025-12,SUP-074,CAT-009,84.5,3.49,0,88.9,79.0,83.6,Watch
2026-01,SUP-074,CAT-009,90.2,2.47,0,91.7,88.3,89.3,Meets SLA
2026-02,SUP-074,CAT-009,93.3,0.95,0,96.7,81.6,92.3,Meets SLA
2026-03,SUP-074,CAT-009,86.3,2.99,0,91.2,76.7,85.0,Watch
2026-04,SUP-074,CAT-009,89.6,0.1,0,91.1,86.3,92.0,Meets SLA
2026-05,SUP-074,CAT-009,86.8,2.0,0,93.0,90.5,89.4,Meets SLA
2026-06,SUP-074,CAT-009,83.8,2.16,0,98.0,86.5,88.3,Meets SLA
2025-01,SUP-075,CAT-009,84.8,2.61,0,96.6,84.7,87.4,Meets SLA
2025-02,SUP-075,CAT-009,91.2,1.09,0,96.4,78.6,90.8,Meets SLA
2025-03,SUP-075,CAT-009,83.1,1.27,0,98.4,84.1,88.9,Meets SLA
2025-04,SUP-075,CAT-009,95.5,2.64,0,95.6,75.1,89.3,Meets SLA
2025-05,SUP-075,CAT-009,81.7,1.87,0,92.1,79.6,85.6,Watch
2025-06,SUP-075,CAT-009,89.2,2.19,0,92.5,95.5,90.8,Meets SLA
2025-07,SUP-075,CAT-009,81.3,1.09,0,95.0,94.8,89.9,Meets SLA
2025-08,SUP-075,CAT-009,84.4,2.36,0,96.6,84.3,87.6,Meets SLA
2025-09,SUP-075,CAT-009,87.0,2.03,0,92.7,90.0,89.3,Meets SLA
2025-10,SUP-075,CAT-009,80.6,3.18,0,90.4,88.0,84.5,Watch
2025-11,SUP-075,CAT-009,90.5,0.53,0,89.0,99,93.6,Meets SLA
2025-12,SUP-075,CAT-009,96.2,1.15,0,91.6,80.5,92.0,Meets SLA
2026-01,SUP-075,CAT-009,93.4,1.75,0,94.8,91.6,92.7,Meets SLA
2026-02,SUP-075,CAT-009,99,2.67,0,93.4,76.5,90.4,Meets SLA
2026-03,SUP-075,CAT-009,81.8,1.02,0,94.9,82.4,87.9,Meets SLA
2026-04,SUP-075,CAT-009,87.7,2.08,0,98.7,92.6,91.0,Meets SLA
2026-05,SUP-075,CAT-009,82.6,2.44,0,94.0,88.6,87.1,Meets SLA
2026-06,SUP-075,CAT-009,90.4,3.86,0,98.6,83.6,87.8,Meets SLA
2025-01,SUP-076,CAT-009,84.4,2.73,0,94.6,84.5,86.7,Meets SLA
2025-02,SUP-076,CAT-009,85.4,3.09,0,86.7,85.0,85.2,Watch
2025-03,SUP-076,CAT-009,77.9,0.98,0,95.2,82.1,86.6,Meets SLA
2025-04,SUP-076,CAT-009,96.7,3.12,1,94.5,97.6,90.4,Meets SLA
2025-05,SUP-076,CAT-009,91.9,2.19,0,91.2,85.4,89.7,Meets SLA
2025-06,SUP-076,CAT-009,93.4,1.4,0,88.7,87.5,91.3,Meets SLA
2025-07,SUP-076,CAT-009,89.3,3.14,0,97.9,82.7,88.1,Meets SLA
2025-08,SUP-076,CAT-009,80.4,2.42,0,93.6,91.2,86.7,Meets SLA
2025-09,SUP-076,CAT-009,90.2,3.31,0,90.5,78.7,86.2,Meets SLA
2025-10,SUP-076,CAT-009,93.9,0.83,0,90.7,79.4,91.2,Meets SLA
2025-11,SUP-076,CAT-009,88.3,3.31,0,96.8,80.8,87.0,Meets SLA
2025-12,SUP-076,CAT-009,88.4,1.78,0,87.6,66.6,85.0,Watch
2026-01,SUP-076,CAT-009,90.1,0.66,0,95.8,86.6,92.3,Meets SLA
2026-02,SUP-076,CAT-009,82.2,4.22,0,95.3,90.7,85.0,Watch
2026-03,SUP-076,CAT-009,80.5,3.38,0,97.1,76.5,83.4,Watch
2026-04,SUP-076,CAT-009,84.6,3.14,0,94.5,82.4,85.8,Watch
2026-05,SUP-076,CAT-009,84.4,2.49,0,91.9,85.5,86.7,Meets SLA
2026-06,SUP-076,CAT-009,87.3,2.03,0,88.0,91.1,88.7,Meets SLA
2025-01,SUP-077,CAT-009,86.8,1.17,0,93.1,75.3,87.9,Meets SLA
2025-02,SUP-077,CAT-009,84.7,1.13,0,88.0,88.2,88.6,Meets SLA
2025-03,SUP-077,CAT-009,96.3,2.73,0,95.6,87.9,91.8,Meets SLA
2025-04,SUP-077,CAT-009,89.7,1.76,0,91.6,87.2,89.9,Meets SLA
2025-05,SUP-077,CAT-009,73.9,3.26,0,94.5,78.5,81.0,Watch
2025-06,SUP-077,CAT-009,76.4,2.71,0,93.5,87.4,84.2,Watch
2025-07,SUP-077,CAT-009,82.1,2.6,0,92.6,82.1,85.2,Watch
2025-08,SUP-077,CAT-009,91.8,3.42,0,96.0,76.4,87.1,Meets SLA
2025-09,SUP-077,CAT-009,86.3,2.36,0,92.4,73.7,85.6,Watch
2025-10,SUP-077,CAT-009,81.3,3.22,0,93.4,80.9,84.0,Watch
2025-11,SUP-077,CAT-009,88.3,2.58,0,96.1,82.7,88.2,Meets SLA
2025-12,SUP-077,CAT-009,76.0,3.3,0,94.3,75.6,81.2,Watch
2026-01,SUP-077,CAT-009,93.8,2.5,0,94.3,98.3,92.9,Meets SLA
2026-02,SUP-077,CAT-009,89.3,3.2,0,94.7,85.1,87.9,Meets SLA
2026-03,SUP-077,CAT-009,91.7,2.44,0,95.3,79.7,89.0,Meets SLA
2026-04,SUP-077,CAT-009,90.4,2.37,0,94.0,90.4,90.3,Meets SLA
2026-05,SUP-077,CAT-009,86.7,2.91,0,90.5,87.4,87.1,Meets SLA
2026-06,SUP-077,CAT-009,91.9,2.6,0,95.8,86.4,90.1,Meets SLA
2025-01,SUP-078,CAT-009,86.7,0.78,0,84.9,78.3,87.4,Meets SLA
2025-02,SUP-078,CAT-009,77.9,0.1,0,95.3,90.6,89.4,Meets SLA
2025-03,SUP-078,CAT-009,86.8,2.23,0,94.1,78.8,87.2,Meets SLA
2025-04,SUP-078,CAT-009,87.2,1.72,0,99.8,85.9,90.4,Meets SLA
2025-05,SUP-078,CAT-009,88.3,0.87,0,90.5,83.1,89.8,Meets SLA
2025-06,SUP-078,CAT-009,89.1,3.16,0,87.3,85.9,86.7,Meets SLA
2025-07,SUP-078,CAT-009,82.4,2.8,0,92.9,82.4,85.2,Watch
2025-08,SUP-078,CAT-009,85.7,1.64,0,96.9,89.9,90.1,Meets SLA
2025-09,SUP-078,CAT-009,79.5,0.87,0,94.7,93.0,89.1,Meets SLA
2025-10,SUP-078,CAT-009,80.2,4.86,0,92.8,94.0,83.5,Watch
2025-11,SUP-078,CAT-009,89.6,1.76,0,87.0,92.3,90.0,Meets SLA
2025-12,SUP-078,CAT-009,89.6,2.93,0,98.3,77.5,87.7,Meets SLA
2026-01,SUP-078,CAT-009,83.3,2.54,0,99.8,81.4,87.0,Meets SLA
2026-02,SUP-078,CAT-009,98.3,2.06,0,88.0,73.8,89.6,Meets SLA
2026-03,SUP-078,CAT-009,90.1,1.6,0,92.9,97.7,92.5,Meets SLA
2026-04,SUP-078,CAT-009,99,1.72,0,91.9,94.1,94.7,Meets SLA
2026-05,SUP-078,CAT-009,79.4,1.4,0,89.5,81.4,85.3,Watch
2026-06,SUP-078,CAT-009,90.9,1.25,0,95.6,91.2,92.6,Meets SLA
2025-01,SUP-079,CAT-009,85.4,1.52,0,89.6,83.7,87.7,Meets SLA
2025-02,SUP-079,CAT-009,74.4,1.94,0,95.3,89.3,85.2,Watch
2025-03,SUP-079,CAT-009,83.9,1.93,0,96.5,93.1,89.5,Meets SLA
2025-04,SUP-079,CAT-009,85.4,1.72,0,98.7,91.1,90.4,Meets SLA
2025-05,SUP-079,CAT-009,94.5,1.25,0,95.3,83.3,92.4,Meets SLA
2025-06,SUP-079,CAT-009,98.6,0.17,0,95.0,85.0,95.7,Meets SLA
2025-07,SUP-079,CAT-009,90.5,3.9,0,94.0,83.8,87.0,Meets SLA
2025-08,SUP-079,CAT-009,84.8,2.82,0,86.7,86.7,85.7,Watch
2025-09,SUP-079,CAT-009,87.4,2.85,0,90.7,99,89.5,Meets SLA
2025-10,SUP-079,CAT-009,94.4,2.1,0,92.4,85.1,90.9,Meets SLA
2025-11,SUP-079,CAT-009,90.7,1.87,0,92.4,84.8,89.9,Meets SLA
2025-12,SUP-079,CAT-009,95.3,1.97,0,95.8,84.3,91.9,Meets SLA
2026-01,SUP-079,CAT-009,95.3,3.35,0,92.4,88.8,90.1,Meets SLA
2026-02,SUP-079,CAT-009,90.0,1.3,0,96.9,91.0,92.4,Meets SLA
2026-03,SUP-079,CAT-009,93.0,2.84,0,91.2,88.5,89.7,Meets SLA
2026-04,SUP-079,CAT-009,86.1,1.62,0,92.6,81.5,88.0,Meets SLA
2026-05,SUP-079,CAT-009,97.5,2.55,0,92.6,95.4,93.3,Meets SLA
2026-06,SUP-079,CAT-009,90.0,1.74,0,91.4,83.1,89.3,Meets SLA
2025-01,SUP-080,CAT-009,99,2.07,0,91.1,87.9,92.9,Meets SLA
2025-02,SUP-080,CAT-009,86.2,2.5,0,98.7,87.3,88.9,Meets SLA
2025-03,SUP-080,CAT-009,96.5,2.16,0,92.2,92.7,92.9,Meets SLA
2025-04,SUP-080,CAT-009,90.1,1.79,0,95.2,83.4,90.0,Meets SLA
2025-05,SUP-080,CAT-009,85.5,1.65,0,99.8,96.9,91.8,Meets SLA
2025-06,SUP-080,CAT-009,87.0,2.7,0,97.2,89.9,89.1,Meets SLA
2025-07,SUP-080,CAT-009,91.3,2.64,0,93.0,90.9,90.2,Meets SLA
2025-08,SUP-080,CAT-009,76.8,0.58,0,90.2,81.7,85.7,Watch
2025-09,SUP-080,CAT-009,98.0,0.99,0,99.8,76.6,93.6,Meets SLA
2025-10,SUP-080,CAT-009,81.4,2.73,0,95.1,80.3,84.9,Watch
2025-11,SUP-080,CAT-009,91.2,1.0,0,93.6,76.5,90.0,Meets SLA
2025-12,SUP-080,CAT-009,97.7,3.38,0,98.0,87.3,91.7,Meets SLA
2026-01,SUP-080,CAT-009,96.6,0.75,0,99.8,77.0,93.5,Meets SLA
2026-02,SUP-080,CAT-009,87.0,3.63,0,98.8,98.4,89.6,Meets SLA
2026-03,SUP-080,CAT-009,88.3,1.04,0,94.1,98.5,92.9,Meets SLA
2026-04,SUP-080,CAT-009,91.4,3.28,0,95.1,96.6,90.7,Meets SLA
2026-05,SUP-080,CAT-009,88.3,2.98,0,93.4,96.1,89.6,Meets SLA
2026-06,SUP-080,CAT-009,82.0,2.57,0,91.7,90.6,86.6,Meets SLA
2025-01,SUP-081,CAT-009,86.7,1.86,0,94.2,81.0,88.1,Meets SLA
2025-02,SUP-081,CAT-009,84.4,1.46,0,97.1,90.7,90.1,Meets SLA
2025-03,SUP-081,CAT-009,87.0,0.28,0,94.1,91.8,92.4,Meets SLA
2025-04,SUP-081,CAT-009,89.4,0.5,0,89.3,92.8,92.2,Meets SLA
2025-05,SUP-081,CAT-009,90.7,2.09,0,86.9,75.0,86.8,Meets SLA
2025-06,SUP-081,CAT-009,91.2,2.74,0,95.0,90.3,90.2,Meets SLA
2025-07,SUP-081,CAT-009,92.4,1.23,0,92.4,79.2,90.4,Meets SLA
2025-08,SUP-081,CAT-009,85.9,2.52,0,93.5,88.3,88.0,Meets SLA
2025-09,SUP-081,CAT-009,88.4,1.93,0,91.1,89.6,89.6,Meets SLA
2025-10,SUP-081,CAT-009,92.6,1.42,0,90.8,84.4,90.8,Meets SLA
2025-11,SUP-081,CAT-009,90.1,0.66,0,93.6,81.4,91.0,Meets SLA
2025-12,SUP-081,CAT-009,84.3,2.67,0,86.9,84.0,85.3,Watch
2026-01,SUP-081,CAT-009,87.1,0.63,0,96.3,75.5,89.4,Meets SLA
2026-02,SUP-081,CAT-009,91.7,1.55,0,93.3,94.2,92.5,Meets SLA
2026-03,SUP-081,CAT-009,87.5,2.33,0,89.7,76.4,86.0,Meets SLA
2026-04,SUP-081,CAT-009,91.1,2.04,0,99.1,86.9,91.3,Meets SLA
2026-05,SUP-081,CAT-009,85.8,0.85,0,88.2,84.8,88.8,Meets SLA
2026-06,SUP-081,CAT-009,84.5,1.88,0,93.0,86.0,87.9,Meets SLA
2025-01,SUP-082,CAT-009,79.1,3.49,0,96.7,79.1,83.1,Watch
2025-02,SUP-082,CAT-009,88.7,0.92,0,92.2,84.4,90.4,Meets SLA
2025-03,SUP-082,CAT-009,81.0,0.1,0,89.7,77.0,87.0,Meets SLA
2025-04,SUP-082,CAT-009,95.2,3.37,0,89.3,87.4,89.2,Meets SLA
2025-05,SUP-082,CAT-009,84.1,2.55,0,92.3,90.9,87.6,Meets SLA
2025-06,SUP-082,CAT-009,77.0,1.92,0,95.8,62.6,81.5,Watch
2025-07,SUP-082,CAT-009,90.2,2.48,0,93.3,96.4,91.0,Meets SLA
2025-08,SUP-082,CAT-009,91.2,0.14,0,94.2,87.8,93.4,Meets SLA
2025-09,SUP-082,CAT-009,89.1,2.41,0,95.7,82.9,88.8,Meets SLA
2025-10,SUP-082,CAT-009,95.3,2.21,0,98.0,87.1,92.5,Meets SLA
2025-11,SUP-082,CAT-009,84.8,4.12,0,96.9,83.9,85.1,Watch
2025-12,SUP-082,CAT-009,89.6,2.66,0,96.8,88.8,89.8,Meets SLA
2026-01,SUP-082,CAT-009,88.2,2.01,0,97.1,79.6,88.7,Meets SLA
2026-02,SUP-082,CAT-009,90.2,1.18,0,88.9,82.2,89.6,Meets SLA
2026-03,SUP-082,CAT-009,77.7,2.23,0,94.0,81.9,84.4,Watch
2026-04,SUP-082,CAT-009,88.0,1.45,0,94.1,86.2,90.0,Meets SLA
2026-05,SUP-082,CAT-009,92.9,3.77,0,93.0,85.0,88.1,Meets SLA
2026-06,SUP-082,CAT-009,91.5,2.09,0,86.1,91.2,89.8,Meets SLA
2025-01,SUP-083,CAT-009,91.6,4.04,0,95.0,84.0,87.4,Meets SLA
2025-02,SUP-083,CAT-009,86.0,2.4,0,95.2,86.9,88.3,Meets SLA
2025-03,SUP-083,CAT-009,84.7,1.83,0,94.5,89.0,88.9,Meets SLA
2025-04,SUP-083,CAT-009,85.3,0.75,0,92.3,85.7,89.7,Meets SLA
2025-05,SUP-083,CAT-009,83.1,2.65,0,93.3,90.0,87.1,Meets SLA
2025-06,SUP-083,CAT-009,93.6,2.51,0,98.1,95.1,92.8,Meets SLA
2025-07,SUP-083,CAT-009,97.1,2.07,0,92.1,91.9,93.1,Meets SLA
2025-08,SUP-083,CAT-009,85.8,0.67,0,88.7,89.0,89.9,Meets SLA
2025-09,SUP-083,CAT-009,82.7,1.18,0,87.1,80.5,86.2,Meets SLA
2025-10,SUP-083,CAT-009,88.5,2.04,0,88.4,88.8,88.8,Meets SLA
2025-11,SUP-083,CAT-009,89.3,3.12,0,83.1,87.5,86.4,Meets SLA
2025-12,SUP-083,CAT-009,79.4,2.11,0,90.3,80.9,84.4,Watch
2026-01,SUP-083,CAT-009,88.7,1.39,0,88.6,68.8,86.3,Meets SLA
2026-02,SUP-083,CAT-009,86.5,1.94,0,90.8,74.6,86.1,Meets SLA
2026-03,SUP-083,CAT-009,81.9,3.48,0,90.5,84.8,84.0,Watch
2026-04,SUP-083,CAT-009,85.2,0.64,0,87.8,83.6,88.6,Meets SLA
2026-05,SUP-083,CAT-009,91.3,1.78,0,92.2,86.3,90.4,Meets SLA
2026-06,SUP-083,CAT-009,87.8,2.5,0,89.6,91.2,88.5,Meets SLA
2025-01,SUP-084,CAT-009,86.4,2.14,0,92.1,71.6,85.5,Watch
2025-02,SUP-084,CAT-009,88.5,2.57,0,96.7,89.4,89.7,Meets SLA
2025-03,SUP-084,CAT-009,88.7,0.1,0,92.4,85.8,91.9,Meets SLA
2025-04,SUP-084,CAT-009,83.6,1.61,0,92.2,82.4,87.2,Meets SLA
2025-05,SUP-084,CAT-009,85.5,3.17,0,91.1,92.8,87.3,Meets SLA
2025-06,SUP-084,CAT-009,84.1,0.38,0,99.8,91.3,92.1,Meets SLA
2025-07,SUP-084,CAT-009,88.8,1.8,0,95.7,83.1,89.6,Meets SLA
2025-08,SUP-084,CAT-009,81.7,2.66,0,92.2,91.2,86.6,Meets SLA
2025-09,SUP-084,CAT-009,87.3,1.63,0,91.0,80.8,88.0,Meets SLA
2025-10,SUP-084,CAT-009,85.4,1.86,1,90.3,93.8,86.7,Meets SLA
2025-11,SUP-084,CAT-009,91.3,2.0,0,97.6,82.7,90.4,Meets SLA
2025-12,SUP-084,CAT-009,80.9,3.05,0,86.5,80.8,82.9,Watch
2026-01,SUP-084,CAT-009,95.9,1.85,0,93.5,73.3,89.9,Meets SLA
2026-02,SUP-084,CAT-009,95.7,2.69,0,89.0,85.3,89.9,Meets SLA
2026-03,SUP-084,CAT-009,86.0,2.01,0,94.6,87.9,88.9,Meets SLA
2026-04,SUP-084,CAT-009,91.5,2.14,0,92.1,84.4,89.7,Meets SLA
2026-05,SUP-084,CAT-009,90.3,2.64,0,94.9,85.4,89.1,Meets SLA
2026-06,SUP-084,CAT-009,90.5,1.82,0,89.2,87.0,89.7,Meets SLA
2025-01,SUP-085,CAT-009,91.1,1.34,0,96.2,74.4,89.6,Meets SLA
2025-02,SUP-085,CAT-009,95.8,0.1,0,96.6,89.6,95.9,Meets SLA
2025-03,SUP-085,CAT-009,83.8,2.04,0,90.6,86.1,87.1,Meets SLA
2025-04,SUP-085,CAT-009,89.5,2.04,0,92.3,88.7,89.9,Meets SLA
2025-05,SUP-085,CAT-009,90.3,1.42,0,94.2,95.4,92.6,Meets SLA
2025-06,SUP-085,CAT-009,91.8,3.25,0,99.8,90.9,90.7,Meets SLA
2025-07,SUP-085,CAT-009,85.1,2.82,0,96.9,78.3,86.1,Meets SLA
2025-08,SUP-085,CAT-009,88.7,0.88,0,89.4,87.0,90.4,Meets SLA
2025-09,SUP-085,CAT-009,87.9,2.17,0,93.9,89.5,89.5,Meets SLA
2025-10,SUP-085,CAT-009,93.6,0.36,0,91.8,87.4,93.4,Meets SLA
2025-11,SUP-085,CAT-009,90.9,0.89,0,88.8,86.6,91.0,Meets SLA
2025-12,SUP-085,CAT-009,94.0,0.96,0,92.4,91.4,93.6,Meets SLA
2026-01,SUP-085,CAT-009,85.3,1.89,0,88.9,88.5,87.9,Meets SLA
2026-02,SUP-085,CAT-009,86.5,0.66,0,93.1,91.0,91.3,Meets SLA
2026-03,SUP-085,CAT-009,78.5,2.63,0,93.8,77.8,83.4,Watch
2026-04,SUP-085,CAT-009,93.3,1.99,0,93.9,83.1,90.6,Meets SLA
2026-05,SUP-085,CAT-009,89.5,0.93,0,90.5,90.0,91.4,Meets SLA
2026-06,SUP-085,CAT-009,94.4,2.22,0,92.0,78.2,89.4,Meets SLA
2025-01,SUP-086,CAT-009,91.0,2.26,0,96.0,85.7,90.2,Meets SLA
2025-02,SUP-086,CAT-009,80.6,3.01,0,90.8,76.8,82.9,Watch
2025-03,SUP-086,CAT-009,84.6,2.06,0,92.2,79.3,86.4,Meets SLA
2025-04,SUP-086,CAT-009,80.6,2.9,0,90.5,89.0,85.1,Watch
2025-05,SUP-086,CAT-009,76.2,2.26,0,90.9,87.0,84.2,Watch
2025-06,SUP-086,CAT-009,84.5,2.72,0,95.1,84.5,86.8,Meets SLA
2025-07,SUP-086,CAT-009,84.2,1.63,0,92.4,75.2,86.1,Meets SLA
2025-08,SUP-086,CAT-009,80.5,4.5,0,89.3,84.7,81.8,Watch
2025-09,SUP-086,CAT-009,94.7,2.18,0,97.0,81.6,91.1,Meets SLA
2025-10,SUP-086,CAT-009,88.3,1.42,0,86.3,71.8,86.2,Meets SLA
2025-11,SUP-086,CAT-009,82.0,2.92,0,94.3,80.2,84.7,Watch
2025-12,SUP-086,CAT-009,92.0,2.53,0,94.2,88.7,90.4,Meets SLA
2026-01,SUP-086,CAT-009,80.6,2.83,0,95.4,78.6,84.3,Watch
2026-02,SUP-086,CAT-009,98.3,1.97,0,88.3,80.4,90.9,Meets SLA
2026-03,SUP-086,CAT-009,90.7,2.16,0,91.3,92.5,90.6,Meets SLA
2026-04,SUP-086,CAT-009,77.1,2.46,0,86.1,86.6,83.3,Watch
2026-05,SUP-086,CAT-009,79.0,2.75,0,98.5,83.5,85.2,Watch
2026-06,SUP-086,CAT-009,88.4,1.67,0,96.0,74.5,88.1,Meets SLA
2025-01,SUP-087,CAT-009,89.5,0.89,0,93.1,72.4,88.7,Meets SLA
2025-02,SUP-087,CAT-009,95.7,1.49,0,91.3,85.9,92.2,Meets SLA
2025-03,SUP-087,CAT-009,93.5,1.35,0,98.6,89.3,93.5,Meets SLA
2025-04,SUP-087,CAT-009,85.1,1.77,0,91.1,80.3,86.9,Meets SLA
2025-05,SUP-087,CAT-009,79.2,1.77,0,99.8,88.5,87.9,Meets SLA
2025-06,SUP-087,CAT-009,91.1,1.65,0,86.5,85.3,89.3,Meets SLA
2025-07,SUP-087,CAT-009,90.5,0.87,0,94.6,87.2,92.0,Meets SLA
2025-08,SUP-087,CAT-009,90.6,2.57,0,93.8,78.7,88.0,Meets SLA
2025-09,SUP-087,CAT-009,94.6,0.75,0,84.1,85.8,91.5,Meets SLA
2025-10,SUP-087,CAT-009,86.2,2.3,0,94.1,88.7,88.6,Meets SLA
2025-11,SUP-087,CAT-009,91.3,0.13,0,87.1,76.3,90.1,Meets SLA
2025-12,SUP-087,CAT-009,89.7,2.46,0,89.6,74.5,86.3,Meets SLA
2026-01,SUP-087,CAT-009,87.6,1.82,0,91.9,82.2,88.2,Meets SLA
2026-02,SUP-087,CAT-009,83.7,2.0,0,95.9,85.2,87.9,Meets SLA
2026-03,SUP-087,CAT-009,83.7,0.63,0,92.2,85.6,89.2,Meets SLA
2026-04,SUP-087,CAT-009,92.8,1.9,0,94.1,92.7,92.3,Meets SLA
2026-05,SUP-087,CAT-009,82.5,1.04,0,95.8,82.7,88.4,Meets SLA
2026-06,SUP-087,CAT-009,94.2,2.45,0,91.0,88.9,90.8,Meets SLA
2025-01,SUP-088,CAT-009,92.7,1.94,0,91.1,87.8,90.8,Meets SLA
2025-02,SUP-088,CAT-009,98.0,1.65,0,90.9,83.9,92.4,Meets SLA
2025-03,SUP-088,CAT-009,95.4,2.59,0,91.4,89.9,91.3,Meets SLA
2025-04,SUP-088,CAT-009,90.8,1.38,0,96.1,89.0,92.0,Meets SLA
2025-05,SUP-088,CAT-009,80.2,0.1,0,96.2,87.2,89.8,Meets SLA
2025-06,SUP-088,CAT-009,94.9,1.89,0,93.4,80.2,90.7,Meets SLA
2025-07,SUP-088,CAT-009,89.1,1.95,0,92.6,92.5,90.6,Meets SLA
2025-08,SUP-088,CAT-009,95.0,2.51,0,99.8,81.2,91.2,Meets SLA
2025-09,SUP-088,CAT-009,86.3,1.17,0,90.2,81.6,88.3,Meets SLA
2025-10,SUP-088,CAT-009,88.7,1.38,0,94.0,78.0,88.9,Meets SLA
2025-11,SUP-088,CAT-009,81.1,0.48,0,95.9,80.9,88.3,Meets SLA
2025-12,SUP-088,CAT-009,83.1,0.1,0,94.5,84.8,90.1,Meets SLA
2026-01,SUP-088,CAT-009,81.8,1.87,0,93.3,84.4,86.7,Meets SLA
2026-02,SUP-088,CAT-009,93.9,3.98,0,91.7,83.4,87.6,Meets SLA
2026-03,SUP-088,CAT-009,86.2,1.34,0,90.6,88.1,89.3,Meets SLA
2026-04,SUP-088,CAT-009,91.4,2.05,0,96.6,89.7,91.5,Meets SLA
2026-05,SUP-088,CAT-009,84.3,2.04,0,96.6,92.3,89.4,Meets SLA
2026-06,SUP-088,CAT-009,89.3,2.18,0,93.4,74.4,87.2,Meets SLA
2025-01,SUP-089,CAT-009,85.3,1.76,0,94.9,93.4,90.1,Meets SLA
2025-02,SUP-089,CAT-009,86.9,2.05,0,94.6,94.3,90.3,Meets SLA
2025-03,SUP-089,CAT-009,84.3,1.77,0,94.2,88.9,88.8,Meets SLA
2025-04,SUP-089,CAT-009,89.6,2.49,0,94.0,94.5,90.6,Meets SLA
2025-05,SUP-089,CAT-009,94.5,0.1,0,91.9,90.6,94.7,Meets SLA
2025-06,SUP-089,CAT-009,97.2,2.29,0,87.0,83.8,90.4,Meets SLA
2025-07,SUP-089,CAT-009,90.7,2.42,0,91.7,90.3,89.9,Meets SLA
2025-08,SUP-089,CAT-009,83.9,1.5,1,89.9,77.2,83.6,Watch
2025-09,SUP-089,CAT-009,85.9,1.05,0,98.9,85.4,90.6,Meets SLA
2025-10,SUP-089,CAT-009,95.3,1.65,0,92.6,83.9,91.7,Meets SLA
2025-11,SUP-089,CAT-009,91.6,1.08,0,98.8,84.7,92.4,Meets SLA
2025-12,SUP-089,CAT-009,84.1,2.33,0,95.6,82.0,86.9,Meets SLA
2026-01,SUP-089,CAT-009,82.8,0.46,0,93.6,90.8,90.3,Meets SLA
2026-02,SUP-089,CAT-009,75.5,3.53,0,92.2,87.1,82.4,Watch
2026-03,SUP-089,CAT-009,91.8,1.48,0,92.6,96.2,92.9,Meets SLA
2026-04,SUP-089,CAT-009,85.6,1.93,0,96.1,78.0,87.4,Meets SLA
2026-05,SUP-089,CAT-009,92.0,0.92,0,95.2,92.3,93.5,Meets SLA
2026-06,SUP-089,CAT-009,82.6,3.04,0,94.4,92.2,86.9,Meets SLA
2025-01,SUP-090,CAT-009,82.0,0.63,0,86.0,85.7,87.5,Meets SLA
2025-02,SUP-090,CAT-009,90.1,2.11,0,94.7,84.9,89.7,Meets SLA
2025-03,SUP-090,CAT-009,93.9,2.41,0,91.4,85.3,90.1,Meets SLA
2025-04,SUP-090,CAT-009,91.4,2.84,1,94.8,87.3,87.1,Meets SLA
2025-05,SUP-090,CAT-009,95.5,1.8,1,96.9,73.1,87.9,Meets SLA
2025-06,SUP-090,CAT-009,89.0,1.59,0,97.8,90.9,91.7,Meets SLA
2025-07,SUP-090,CAT-009,87.6,1.58,0,90.7,93.7,90.5,Meets SLA
2025-08,SUP-090,CAT-009,93.8,3.12,0,93.8,82.0,88.9,Meets SLA
2025-09,SUP-090,CAT-009,90.8,2.08,0,94.3,94.6,91.7,Meets SLA
2025-10,SUP-090,CAT-009,90.3,2.84,0,93.4,89.6,89.4,Meets SLA
2025-11,SUP-090,CAT-009,91.1,1.59,0,89.7,88.7,90.6,Meets SLA
2025-12,SUP-090,CAT-009,92.4,2.68,0,92.7,96.1,91.4,Meets SLA
2026-01,SUP-090,CAT-009,83.3,0.43,0,91.5,89.1,89.9,Meets SLA
2026-02,SUP-090,CAT-009,94.8,2.43,0,99.8,90.1,92.8,Meets SLA
2026-03,SUP-090,CAT-009,90.7,1.17,0,94.6,74.6,89.4,Meets SLA
2026-04,SUP-090,CAT-009,83.7,1.77,0,96.1,96.9,90.3,Meets SLA
2026-05,SUP-090,CAT-009,89.9,1.39,0,95.8,83.7,90.7,Meets SLA
2026-06,SUP-090,CAT-009,73.4,2.14,0,94.7,84.8,83.7,Watch
2025-01,SUP-091,CAT-009,93.6,0.1,0,99.8,80.3,94.0,Meets SLA
2025-02,SUP-091,CAT-009,96.7,2.4,0,93.6,89.3,92.3,Meets SLA
2025-03,SUP-091,CAT-009,93.0,3.06,0,94.9,84.3,89.3,Meets SLA
2025-04,SUP-091,CAT-009,86.5,1.03,0,99.8,77.2,89.5,Meets SLA
2025-05,SUP-091,CAT-009,85.7,1.34,0,94.3,77.1,87.8,Meets SLA
2025-06,SUP-091,CAT-009,93.8,2.72,0,90.1,88.1,89.9,Meets SLA
2025-07,SUP-091,CAT-009,99,0.1,0,97.1,86.3,96.5,Meets SLA
2025-08,SUP-091,CAT-009,91.3,1.7,0,95.3,89.6,91.7,Meets SLA
2025-09,SUP-091,CAT-009,91.7,1.84,0,95.0,92.6,92.1,Meets SLA
2025-10,SUP-091,CAT-009,99,0.98,0,95.0,98.8,97.1,Meets SLA
2025-11,SUP-091,CAT-009,85.3,0.1,0,90.2,91.5,91.3,Meets SLA
2025-12,SUP-091,CAT-009,92.8,1.66,0,97.3,84.3,91.7,Meets SLA
2026-01,SUP-091,CAT-009,86.2,0.66,0,92.9,92.3,91.4,Meets SLA
2026-02,SUP-091,CAT-009,95.1,2.46,1,92.5,90.8,89.2,Meets SLA
2026-03,SUP-091,CAT-009,87.4,0.99,0,91.5,90.9,90.9,Meets SLA
2026-04,SUP-091,CAT-009,92.0,0.64,0,93.5,92.4,93.6,Meets SLA
2026-05,SUP-091,CAT-009,81.4,0.74,0,93.5,82.4,87.9,Meets SLA
2026-06,SUP-091,CAT-009,95.1,1.39,0,91.0,86.3,92.1,Meets SLA
2025-01,SUP-092,CAT-009,86.5,3.49,0,92.0,80.2,85.1,Watch
2025-02,SUP-092,CAT-009,81.6,1.14,0,98.3,71.9,86.4,Meets SLA
2025-03,SUP-092,CAT-009,91.7,3.66,0,95.7,89.2,89.0,Meets SLA
2025-04,SUP-092,CAT-009,86.6,2.76,0,92.4,81.8,86.5,Meets SLA
2025-05,SUP-092,CAT-009,63.9,3.0,0,86.2,85.3,77.6,Recovery plan
2025-06,SUP-092,CAT-009,77.3,3.55,0,96.9,79.3,82.4,Watch
2025-07,SUP-092,CAT-009,79.3,3.84,0,90.0,73.0,80.4,Watch
2025-08,SUP-092,CAT-009,86.6,4.52,0,93.6,81.4,84.2,Watch
2025-09,SUP-092,CAT-009,80.2,2.61,0,95.0,69.2,82.7,Watch
2025-10,SUP-092,CAT-009,85.8,3.44,0,90.7,86.2,85.8,Watch
2025-11,SUP-092,CAT-009,89.1,3.63,0,90.8,73.4,84.4,Watch
2025-12,SUP-092,CAT-009,79.1,1.91,0,90.8,79.3,84.3,Watch
2026-01,SUP-092,CAT-009,80.7,3.19,0,94.7,83.8,84.6,Watch
2026-02,SUP-092,CAT-009,87.3,2.67,0,86.0,66.1,83.0,Watch
2026-03,SUP-092,CAT-009,76.8,4.18,0,91.8,73.2,79.3,Watch
2026-04,SUP-092,CAT-009,88.7,2.73,0,90.3,69.6,84.8,Watch
2026-05,SUP-092,CAT-009,79.1,4.51,0,92.5,78.7,80.8,Watch
2026-06,SUP-092,CAT-009,83.3,2.43,0,95.0,85.6,87.0,Meets SLA
2025-01,SUP-093,CAT-009,79.4,1.39,0,94.3,89.7,87.7,Meets SLA
2025-02,SUP-093,CAT-009,90.1,1.03,0,90.0,87.0,90.8,Meets SLA
2025-03,SUP-093,CAT-009,90.3,2.94,0,92.0,82.4,87.7,Meets SLA
2025-04,SUP-093,CAT-009,93.8,4.58,0,88.3,86.9,86.7,Meets SLA
2025-05,SUP-093,CAT-009,85.2,1.92,0,96.5,99,91.1,Meets SLA
2025-06,SUP-093,CAT-009,77.0,0.4,0,91.9,88.1,87.5,Meets SLA
2025-07,SUP-093,CAT-009,92.3,1.64,0,90.7,74.7,88.6,Meets SLA
2025-08,SUP-093,CAT-009,87.8,2.56,0,95.3,96.1,90.4,Meets SLA
2025-09,SUP-093,CAT-009,85.3,2.42,0,96.4,90.6,88.9,Meets SLA
2025-10,SUP-093,CAT-009,81.4,3.57,0,94.8,91.0,85.6,Watch
2025-11,SUP-093,CAT-009,81.6,2.68,0,96.3,77.1,84.7,Watch
2025-12,SUP-093,CAT-009,85.1,0.92,0,98.6,85.6,90.5,Meets SLA
2026-01,SUP-093,CAT-009,91.9,2.46,0,98.1,87.5,90.9,Meets SLA
2026-02,SUP-093,CAT-009,72.1,3.15,0,99.8,93.3,84.2,Watch
2026-03,SUP-093,CAT-009,93.9,2.37,0,96.3,95.7,93.0,Meets SLA
2026-04,SUP-093,CAT-009,95.3,1.47,0,93.1,80.8,91.5,Meets SLA
2026-05,SUP-093,CAT-009,93.3,2.51,0,93.1,92.2,91.3,Meets SLA
2026-06,SUP-093,CAT-009,92.0,1.39,0,88.6,81.0,89.7,Meets SLA
2025-01,SUP-094,CAT-010,84.0,1.53,0,88.3,77.8,86.0,Watch
2025-02,SUP-094,CAT-010,89.7,1.0,0,87.4,95.1,91.7,Meets SLA
2025-03,SUP-094,CAT-010,88.6,2.79,0,87.3,76.8,85.4,Watch
2025-04,SUP-094,CAT-010,80.5,2.55,0,95.1,75.0,83.9,Watch
2025-05,SUP-094,CAT-010,81.2,2.9,0,93.2,80.4,84.3,Watch
2025-06,SUP-094,CAT-010,83.8,1.57,0,92.9,93.9,89.5,Meets SLA
2025-07,SUP-094,CAT-010,84.3,1.54,0,96.8,83.3,88.5,Meets SLA
2025-08,SUP-094,CAT-010,83.3,3.83,0,90.9,83.1,83.8,Watch
2025-09,SUP-094,CAT-010,93.2,1.65,0,94.1,92.9,92.8,Meets SLA
2025-10,SUP-094,CAT-010,91.3,3.21,0,91.2,80.7,87.2,Meets SLA
2025-11,SUP-094,CAT-010,80.7,2.0,0,91.3,81.9,85.4,Watch
2025-12,SUP-094,CAT-010,90.0,1.97,0,89.5,90.0,89.9,Meets SLA
2026-01,SUP-094,CAT-010,91.4,2.41,0,95.1,88.1,90.4,Meets SLA
2026-02,SUP-094,CAT-010,78.7,4.56,0,95.7,79.6,81.3,Watch
2026-03,SUP-094,CAT-010,91.5,3.15,0,90.6,96.2,90.0,Meets SLA
2026-04,SUP-094,CAT-010,74.9,1.71,0,95.9,73.6,83.0,Watch
2026-05,SUP-094,CAT-010,88.1,2.73,0,85.4,91.5,87.6,Meets SLA
2026-06,SUP-094,CAT-010,82.5,3.05,0,97.0,88.5,86.7,Meets SLA
2025-01,SUP-095,CAT-010,81.8,2.59,0,94.4,76.2,84.4,Watch
2025-02,SUP-095,CAT-010,87.4,1.66,0,91.7,75.0,87.1,Meets SLA
2025-03,SUP-095,CAT-010,83.0,2.21,0,86.5,85.0,85.6,Watch
2025-04,SUP-095,CAT-010,85.0,3.09,0,89.6,94.7,87.3,Meets SLA
2025-05,SUP-095,CAT-010,83.8,3.01,0,89.5,94.3,86.9,Meets SLA
2025-06,SUP-095,CAT-010,84.5,1.8,0,94.2,80.1,87.2,Meets SLA
2025-07,SUP-095,CAT-010,88.1,3.56,0,86.9,88.8,86.2,Meets SLA
2025-08,SUP-095,CAT-010,96.1,1.23,0,91.9,80.7,91.9,Meets SLA
2025-09,SUP-095,CAT-010,90.1,2.55,0,90.2,89.2,89.1,Meets SLA
2025-10,SUP-095,CAT-010,89.8,1.99,1,85.9,78.1,84.5,Watch
2025-11,SUP-095,CAT-010,76.3,1.22,0,96.6,78.8,85.3,Watch
2025-12,SUP-095,CAT-010,89.7,0.71,0,99.8,87.6,93.0,Meets SLA
2026-01,SUP-095,CAT-010,89.8,0.96,0,91.0,95.9,92.6,Meets SLA
2026-02,SUP-095,CAT-010,97.6,3.67,0,95.7,90.8,91.4,Meets SLA
2026-03,SUP-095,CAT-010,82.7,2.79,0,96.2,74.6,84.5,Watch
2026-04,SUP-095,CAT-010,95.4,4.24,0,92.9,74.0,86.3,Meets SLA
2026-05,SUP-095,CAT-010,84.7,1.86,0,89.3,85.2,87.2,Meets SLA
2026-06,SUP-095,CAT-010,86.2,3.58,0,91.9,90.4,86.7,Meets SLA
2025-01,SUP-096,CAT-010,84.9,3.29,0,88.3,69.5,82.2,Watch
2025-02,SUP-096,CAT-010,86.1,2.99,0,95.3,77.7,85.8,Watch
2025-03,SUP-096,CAT-010,81.7,1.51,0,87.3,82.4,85.8,Watch
2025-04,SUP-096,CAT-010,84.2,3.76,0,95.0,83.9,85.1,Watch
2025-05,SUP-096,CAT-010,88.4,3.07,0,91.4,78.3,85.9,Watch
2025-06,SUP-096,CAT-010,85.6,3.45,0,95.3,76.4,84.8,Watch
2025-07,SUP-096,CAT-010,86.6,2.97,0,96.0,82.1,87.0,Meets SLA
2025-08,SUP-096,CAT-010,84.4,2.98,0,96.5,84.8,86.7,Meets SLA
2025-09,SUP-096,CAT-010,90.1,4.54,0,90.4,89.7,86.3,Meets SLA
2025-10,SUP-096,CAT-010,85.6,4.09,0,94.4,75.4,83.5,Watch
2025-11,SUP-096,CAT-010,76.1,3.31,0,90.8,80.2,81.4,Watch
2025-12,SUP-096,CAT-010,76.1,2.91,0,89.7,82.3,82.2,Watch
2026-01,SUP-096,CAT-010,80.9,2.09,0,90.2,84.5,85.6,Watch
2026-02,SUP-096,CAT-010,80.0,3.06,0,93.8,86.7,84.9,Watch
2026-03,SUP-096,CAT-010,82.7,2.97,0,93.2,96.2,87.6,Meets SLA
2026-04,SUP-096,CAT-010,74.6,1.63,0,91.5,75.8,82.6,Watch
2026-05,SUP-096,CAT-010,88.9,1.35,0,90.0,86.2,89.8,Meets SLA
2026-06,SUP-096,CAT-010,88.2,2.51,0,86.3,72.5,84.7,Watch
2025-01,SUP-097,CAT-010,77.7,1.39,0,91.1,77.6,84.3,Watch
2025-02,SUP-097,CAT-010,89.0,2.24,0,99.8,81.9,89.5,Meets SLA
2025-03,SUP-097,CAT-010,82.8,3.76,0,94.3,89.4,85.4,Watch
2025-04,SUP-097,CAT-010,85.3,2.86,0,87.9,77.4,84.4,Watch
2025-05,SUP-097,CAT-010,88.1,4.15,0,96.1,76.5,84.8,Watch
2025-06,SUP-097,CAT-010,81.8,3.58,0,93.1,80.0,83.5,Watch
2025-07,SUP-097,CAT-010,84.4,3.29,0,98.6,74.9,84.9,Watch
2025-08,SUP-097,CAT-010,87.1,1.69,0,91.0,86.8,88.9,Meets SLA
2025-09,SUP-097,CAT-010,83.6,3.39,0,95.1,77.3,84.2,Watch
2025-10,SUP-097,CAT-010,91.5,1.82,0,91.1,85.2,90.0,Meets SLA
2025-11,SUP-097,CAT-010,84.7,2.75,0,96.2,73.6,85.1,Watch
2025-12,SUP-097,CAT-010,82.0,3.76,0,92.8,79.3,83.1,Watch
2026-01,SUP-097,CAT-010,81.7,4.01,0,96.7,86.3,84.6,Watch
2026-02,SUP-097,CAT-010,85.1,1.02,0,93.4,71.7,86.9,Meets SLA
2026-03,SUP-097,CAT-010,78.0,3.6,0,94.1,78.3,81.9,Watch
2026-04,SUP-097,CAT-010,91.7,1.95,0,93.7,85.7,90.5,Meets SLA
2026-05,SUP-097,CAT-010,87.9,3.45,0,95.4,78.7,86.0,Meets SLA
2026-06,SUP-097,CAT-010,84.9,1.81,0,86.7,77.7,85.5,Watch
2025-01,SUP-098,CAT-010,91.5,1.37,0,91.1,70.5,88.0,Meets SLA
2025-02,SUP-098,CAT-010,82.2,1.85,0,89.9,88.4,87.0,Meets SLA
2025-03,SUP-098,CAT-010,88.9,1.1,0,89.9,91.1,91.0,Meets SLA
2025-04,SUP-098,CAT-010,81.3,1.22,0,91.3,88.8,87.9,Meets SLA
2025-05,SUP-098,CAT-010,85.6,2.69,0,90.8,90.4,87.5,Meets SLA
2025-06,SUP-098,CAT-010,99,1.41,0,91.2,88.0,93.9,Meets SLA
2025-07,SUP-098,CAT-010,92.9,0.1,0,90.7,93.5,94.5,Meets SLA
2025-08,SUP-098,CAT-010,76.9,1.76,0,90.9,89.9,85.7,Watch
2025-09,SUP-098,CAT-010,93.3,2.61,0,97.9,96.1,92.7,Meets SLA
2025-10,SUP-098,CAT-010,90.6,2.4,0,90.5,95.2,90.6,Meets SLA
2025-11,SUP-098,CAT-010,84.1,1.67,0,91.9,87.3,88.1,Meets SLA
2025-12,SUP-098,CAT-010,78.4,1.9,0,90.5,78.8,84.0,Watch
2026-01,SUP-098,CAT-010,87.0,0.1,0,92.1,81.5,90.4,Meets SLA
2026-02,SUP-098,CAT-010,92.7,2.42,0,93.6,75.3,88.3,Meets SLA
2026-03,SUP-098,CAT-010,90.0,1.42,0,97.1,93.9,92.7,Meets SLA
2026-04,SUP-098,CAT-010,93.8,2.25,0,89.5,87.4,90.4,Meets SLA
2026-05,SUP-098,CAT-010,83.8,3.72,0,94.5,75.7,83.4,Watch
2026-06,SUP-098,CAT-010,89.9,3.14,0,94.6,83.1,87.8,Meets SLA
2025-01,SUP-099,CAT-010,93.9,2.48,0,91.5,90.9,91.1,Meets SLA
2025-02,SUP-099,CAT-010,85.0,2.39,0,88.4,88.5,87.0,Meets SLA
2025-03,SUP-099,CAT-010,86.1,1.42,0,91.9,73.3,86.7,Meets SLA
2025-04,SUP-099,CAT-010,79.7,2.83,0,98.4,68.6,82.7,Watch
2025-05,SUP-099,CAT-010,83.2,1.35,1,94.2,85.2,85.8,Watch
2025-06,SUP-099,CAT-010,82.7,1.47,0,87.0,85.0,86.6,Meets SLA
2025-07,SUP-099,CAT-010,87.9,0.12,0,92.9,88.0,92.0,Meets SLA
2025-08,SUP-099,CAT-010,84.5,3.0,0,99.0,81.5,86.6,Meets SLA
2025-09,SUP-099,CAT-010,93.8,2.16,0,93.1,83.0,90.4,Meets SLA
2025-10,SUP-099,CAT-010,87.1,3.22,0,94.7,88.2,87.7,Meets SLA
2025-11,SUP-099,CAT-010,86.4,1.91,0,88.9,76.9,86.2,Meets SLA
2025-12,SUP-099,CAT-010,88.4,2.3,0,91.1,92.3,89.5,Meets SLA
2026-01,SUP-099,CAT-010,89.7,1.04,0,90.3,80.1,89.5,Meets SLA
2026-02,SUP-099,CAT-010,87.7,2.32,0,95.9,77.2,87.4,Meets SLA
2026-03,SUP-099,CAT-010,91.4,1.88,0,94.1,79.5,89.4,Meets SLA
2026-04,SUP-099,CAT-010,96.0,2.31,0,95.8,89.6,92.6,Meets SLA
2026-05,SUP-099,CAT-010,83.1,2.83,0,92.3,84.9,85.7,Watch
2026-06,SUP-099,CAT-010,83.4,3.19,0,96.7,92.0,87.4,Meets SLA
2025-01,SUP-100,CAT-010,87.6,1.3,0,84.7,84.9,88.2,Meets SLA
2025-02,SUP-100,CAT-010,84.0,0.69,0,90.3,85.8,88.9,Meets SLA
2025-03,SUP-100,CAT-010,84.2,1.82,0,95.9,92.8,89.6,Meets SLA
2025-04,SUP-100,CAT-010,94.9,2.47,0,91.6,93.8,92.0,Meets SLA
2025-05,SUP-100,CAT-010,86.0,1.82,0,93.0,80.2,87.5,Meets SLA
2025-06,SUP-100,CAT-010,88.2,2.19,0,94.8,99,91.5,Meets SLA
2025-07,SUP-100,CAT-010,96.8,2.55,0,88.4,85.5,90.5,Meets SLA
2025-08,SUP-100,CAT-010,92.4,2.03,0,97.3,93.8,92.7,Meets SLA
2025-09,SUP-100,CAT-010,96.7,0.94,0,95.4,90.5,94.9,Meets SLA
2025-10,SUP-100,CAT-010,83.4,1.73,0,93.3,86.9,88.0,Meets SLA
2025-11,SUP-100,CAT-010,90.5,2.21,0,97.1,92.4,91.5,Meets SLA
2025-12,SUP-100,CAT-010,89.4,0.31,0,95.7,95.2,94.1,Meets SLA
2026-01,SUP-100,CAT-010,98.8,1.28,0,91.6,85.3,93.6,Meets SLA
2026-02,SUP-100,CAT-010,90.3,0.69,0,92.4,81.2,90.8,Meets SLA
2026-03,SUP-100,CAT-010,90.5,1.86,0,99.8,93.1,92.6,Meets SLA
2026-04,SUP-100,CAT-010,90.9,1.63,0,99.8,87.3,92.1,Meets SLA
2026-05,SUP-100,CAT-010,90.1,1.88,0,91.4,91.7,90.7,Meets SLA
2026-06,SUP-100,CAT-010,96.7,2.33,0,98.1,91.4,93.6,Meets SLA
2025-01,SUP-101,CAT-010,84.6,2.42,0,90.1,73.5,84.4,Watch
2025-02,SUP-101,CAT-010,89.1,2.6,0,94.7,75.2,86.9,Meets SLA
2025-03,SUP-101,CAT-010,93.7,2.92,0,93.3,87.3,90.0,Meets SLA
2025-04,SUP-101,CAT-010,93.0,2.14,0,95.4,73.2,88.7,Meets SLA
2025-05,SUP-101,CAT-010,84.9,2.37,0,95.9,86.6,88.0,Meets SLA
2025-06,SUP-101,CAT-010,86.4,1.31,0,95.3,89.7,90.5,Meets SLA
2025-07,SUP-101,CAT-010,86.0,2.37,0,93.6,89.3,88.4,Meets SLA
2025-08,SUP-101,CAT-010,84.7,1.44,0,89.7,83.4,87.6,Meets SLA
2025-09,SUP-101,CAT-010,92.1,2.73,0,92.9,91.5,90.4,Meets SLA
2025-10,SUP-101,CAT-010,87.7,1.78,0,99.8,87.4,90.7,Meets SLA
2025-11,SUP-101,CAT-010,89.5,0.88,0,98.5,76.1,90.4,Meets SLA
2025-12,SUP-101,CAT-010,98.4,1.72,0,91.8,85.9,92.9,Meets SLA
2026-01,SUP-101,CAT-010,86.3,2.94,0,95.5,78.3,86.1,Meets SLA
2026-02,SUP-101,CAT-010,87.2,0.46,0,98.4,86.4,92.0,Meets SLA
2026-03,SUP-101,CAT-010,85.6,2.27,0,96.7,83.8,88.0,Meets SLA
2026-04,SUP-101,CAT-010,91.1,3.15,0,95.9,74.3,86.9,Meets SLA
2026-05,SUP-101,CAT-010,90.7,2.75,0,93.6,84.2,88.7,Meets SLA
2026-06,SUP-101,CAT-010,88.0,2.68,0,99.1,90.4,89.9,Meets SLA
2025-01,SUP-102,CAT-010,91.8,0.99,0,89.0,88.0,91.5,Meets SLA
2025-02,SUP-102,CAT-010,78.2,2.81,0,99.8,79.9,84.5,Watch
2025-03,SUP-102,CAT-010,72.7,4.02,0,91.5,74.4,78.2,Watch
2025-04,SUP-102,CAT-010,84.4,2.53,0,94.8,95.4,89.0,Meets SLA
2025-05,SUP-102,CAT-010,86.5,1.08,0,90.7,70.8,86.7,Meets SLA
2025-06,SUP-102,CAT-010,86.3,3.16,0,88.3,96.5,87.8,Meets SLA
2025-07,SUP-102,CAT-010,76.6,2.99,0,93.3,83.3,83.1,Watch
2025-08,SUP-102,CAT-010,89.4,2.6,0,93.6,81.7,88.0,Meets SLA
2025-09,SUP-102,CAT-010,88.7,2.33,0,89.9,78.4,86.9,Meets SLA
2025-10,SUP-102,CAT-010,78.6,3.39,0,87.4,78.9,81.3,Watch
2025-11,SUP-102,CAT-010,91.5,2.69,0,94.4,96.2,91.4,Meets SLA
2025-12,SUP-102,CAT-010,83.9,3.33,0,94.1,78.9,84.5,Watch
2026-01,SUP-102,CAT-010,96.6,3.39,0,93.5,86.3,90.2,Meets SLA
2026-02,SUP-102,CAT-010,81.9,2.54,0,87.6,81.6,84.3,Watch
2026-03,SUP-102,CAT-010,86.2,2.21,0,95.3,85.5,88.4,Meets SLA
2026-04,SUP-102,CAT-010,78.5,1.54,0,89.9,82.7,85.1,Watch
2026-05,SUP-102,CAT-010,90.7,3.16,0,91.9,92.6,89.3,Meets SLA
2026-06,SUP-102,CAT-010,65.5,3.33,0,97.6,95.7,81.6,Watch
2025-01,SUP-103,CAT-010,90.4,1.55,0,93.2,88.5,91.0,Meets SLA
2025-02,SUP-103,CAT-010,91.3,2.36,0,97.9,85.3,90.4,Meets SLA
2025-03,SUP-103,CAT-010,87.8,1.94,0,97.2,85.7,89.7,Meets SLA
2025-04,SUP-103,CAT-010,86.1,2.16,0,94.1,81.2,87.4,Meets SLA
2025-05,SUP-103,CAT-010,73.7,1.59,0,95.2,96.4,86.7,Meets SLA
2025-06,SUP-103,CAT-010,84.1,1.32,0,89.6,80.3,87.0,Meets SLA
2025-07,SUP-103,CAT-010,88.9,2.49,0,97.1,81.1,88.5,Meets SLA
2025-08,SUP-103,CAT-010,83.2,3.37,0,95.9,83.6,85.4,Watch
2025-09,SUP-103,CAT-010,79.4,1.83,0,99.8,75.6,85.5,Watch
2025-10,SUP-103,CAT-010,92.3,3.45,0,96.4,87.9,89.4,Meets SLA
2025-11,SUP-103,CAT-010,90.8,2.09,0,90.1,93.4,90.7,Meets SLA
2025-12,SUP-103,CAT-010,84.5,0.9,0,91.0,85.8,88.9,Meets SLA
2026-01,SUP-103,CAT-010,83.6,1.53,0,90.1,80.7,86.6,Meets SLA
2026-02,SUP-103,CAT-010,94.7,2.34,0,94.5,81.4,90.4,Meets SLA
2026-03,SUP-103,CAT-010,85.6,2.83,0,95.6,89.8,88.1,Meets SLA
2026-04,SUP-103,CAT-010,96.8,2.53,0,96.3,82.7,91.4,Meets SLA
2026-05,SUP-103,CAT-010,80.0,1.34,0,91.7,83.4,86.4,Meets SLA
2026-06,SUP-103,CAT-010,91.9,1.35,0,90.5,73.9,88.7,Meets SLA
2025-01,SUP-104,CAT-010,92.4,1.9,0,99.8,74.0,89.8,Meets SLA
2025-02,SUP-104,CAT-010,92.2,2.2,0,94.6,78.1,89.1,Meets SLA
2025-03,SUP-104,CAT-010,80.2,2.68,0,97.8,92.8,87.3,Meets SLA
2025-04,SUP-104,CAT-010,93.8,1.82,0,94.4,85.4,91.5,Meets SLA
2025-05,SUP-104,CAT-010,86.7,2.85,0,94.0,83.7,87.1,Meets SLA
2025-06,SUP-104,CAT-010,99,3.02,0,95.8,89.6,92.7,Meets SLA
2025-07,SUP-104,CAT-010,80.4,2.83,0,88.3,80.1,83.2,Watch
2025-08,SUP-104,CAT-010,84.8,3.2,0,94.3,79.7,85.2,Watch
2025-09,SUP-104,CAT-010,89.4,2.04,0,90.5,91.2,89.9,Meets SLA
2025-10,SUP-104,CAT-010,91.0,1.53,0,97.4,94.5,93.1,Meets SLA
2025-11,SUP-104,CAT-010,84.4,1.91,0,99.7,89.8,89.8,Meets SLA
2025-12,SUP-104,CAT-010,82.5,0.67,0,95.0,77.4,87.8,Meets SLA
2026-01,SUP-104,CAT-010,84.0,3.45,0,89.4,74.8,82.8,Watch
2026-02,SUP-104,CAT-010,99,2.9,0,94.7,92.8,93.2,Meets SLA
2026-03,SUP-104,CAT-010,94.6,1.78,0,94.9,74.0,89.9,Meets SLA
2026-04,SUP-104,CAT-010,82.3,1.26,0,95.3,83.4,88.0,Meets SLA
2026-05,SUP-104,CAT-010,93.7,2.05,0,96.1,81.4,90.7,Meets SLA
2026-06,SUP-104,CAT-010,92.2,1.66,0,91.2,82.9,90.1,Meets SLA
2025-01,SUP-105,CAT-010,88.0,1.57,0,97.6,79.2,89.3,Meets SLA
2025-02,SUP-105,CAT-010,94.0,0.5,0,93.7,91.5,94.5,Meets SLA
2025-03,SUP-105,CAT-010,91.2,2.26,0,93.4,78.8,88.6,Meets SLA
2025-04,SUP-105,CAT-010,98.5,1.25,0,91.1,77.8,92.1,Meets SLA
2025-05,SUP-105,CAT-010,87.8,1.59,0,92.9,83.1,89.0,Meets SLA
2025-06,SUP-105,CAT-010,91.1,3.32,0,97.3,74.2,86.9,Meets SLA
2025-07,SUP-105,CAT-010,86.1,2.21,0,92.9,82.1,87.3,Meets SLA
2025-08,SUP-105,CAT-010,89.4,2.55,0,90.8,84.4,88.0,Meets SLA
2025-09,SUP-105,CAT-010,85.9,2.64,0,88.2,87.5,86.7,Meets SLA
2025-10,SUP-105,CAT-010,90.8,1.66,0,94.2,83.5,90.3,Meets SLA
2025-11,SUP-105,CAT-010,91.0,2.68,0,95.2,81.3,88.7,Meets SLA
2025-12,SUP-105,CAT-010,89.3,1.41,0,88.6,94.8,91.1,Meets SLA
2026-01,SUP-105,CAT-010,86.0,2.25,0,97.3,91.0,89.6,Meets SLA
2026-02,SUP-105,CAT-010,81.8,1.0,0,86.1,87.6,87.3,Meets SLA
2026-03,SUP-105,CAT-010,84.6,2.11,0,87.0,77.9,85.1,Watch
2026-04,SUP-105,CAT-010,88.7,2.33,0,89.8,90.0,89.0,Meets SLA
2026-05,SUP-105,CAT-010,86.5,2.56,0,87.1,80.7,85.7,Watch
2026-06,SUP-105,CAT-010,87.4,2.97,0,90.8,73.0,84.7,Watch
2025-01,SUP-106,CAT-010,87.5,1.53,0,91.7,88.1,89.7,Meets SLA
2025-02,SUP-106,CAT-010,93.1,0.1,0,88.0,76.8,91.0,Meets SLA
2025-03,SUP-106,CAT-010,86.2,2.75,0,91.7,92.7,88.3,Meets SLA
2025-04,SUP-106,CAT-010,86.9,2.68,0,92.2,92.1,88.6,Meets SLA
2025-05,SUP-106,CAT-010,95.8,2.78,0,89.9,79.9,89.0,Meets SLA
2025-06,SUP-106,CAT-010,83.1,1.91,0,95.3,72.7,85.4,Watch
2025-07,SUP-106,CAT-010,84.8,0.52,0,93.9,93.7,91.5,Meets SLA
2025-08,SUP-106,CAT-010,90.4,2.36,0,91.5,82.3,88.4,Meets SLA
2025-09,SUP-106,CAT-010,92.6,1.63,0,95.2,94.9,93.2,Meets SLA
2025-10,SUP-106,CAT-010,83.7,1.43,0,89.8,83.0,87.2,Meets SLA
2025-11,SUP-106,CAT-010,95.9,0.56,0,97.5,92.2,95.9,Meets SLA
2025-12,SUP-106,CAT-010,85.8,1.07,0,94.9,80.6,88.9,Meets SLA
2026-01,SUP-106,CAT-010,89.0,2.3,0,95.1,85.6,89.3,Meets SLA
2026-02,SUP-106,CAT-010,92.2,1.93,0,88.2,85.2,89.6,Meets SLA
2026-03,SUP-106,CAT-010,89.3,2.04,0,93.3,76.7,87.8,Meets SLA
2026-04,SUP-106,CAT-010,88.7,0.22,0,96.3,79.3,91.2,Meets SLA
2026-05,SUP-106,CAT-010,90.3,2.48,0,97.7,84.5,89.7,Meets SLA
2026-06,SUP-106,CAT-010,87.0,2.67,0,95.1,93.1,89.4,Meets SLA
2025-01,SUP-107,CAT-010,92.5,0.1,0,96.5,81.6,93.2,Meets SLA
2025-02,SUP-107,CAT-010,99,2.74,0,98.0,82.8,92.3,Meets SLA
2025-03,SUP-107,CAT-010,93.6,0.1,0,97.9,83.6,94.2,Meets SLA
2025-04,SUP-107,CAT-010,89.2,2.13,0,90.8,79.3,87.7,Meets SLA
2025-05,SUP-107,CAT-010,84.7,1.56,0,92.0,86.1,88.3,Meets SLA
2025-06,SUP-107,CAT-010,75.7,0.94,0,87.1,79.9,84.0,Watch
2025-07,SUP-107,CAT-010,82.6,0.98,0,91.2,99,90.6,Meets SLA
2025-08,SUP-107,CAT-010,82.3,1.51,0,91.4,97.4,89.4,Meets SLA
2025-09,SUP-107,CAT-010,89.0,3.4,0,93.2,79.2,86.2,Meets SLA
2025-10,SUP-107,CAT-010,96.3,1.33,0,91.2,85.6,92.6,Meets SLA
2025-11,SUP-107,CAT-010,85.5,1.96,0,92.6,99.0,90.4,Meets SLA
2025-12,SUP-107,CAT-010,87.6,3.25,0,95.7,69.6,84.6,Watch
2026-01,SUP-107,CAT-010,88.6,2.45,0,92.6,79.2,87.3,Meets SLA
2026-02,SUP-107,CAT-010,84.8,1.71,0,95.1,83.9,88.3,Meets SLA
2026-03,SUP-107,CAT-010,93.8,2.91,0,91.9,95.8,91.4,Meets SLA
2026-04,SUP-107,CAT-010,87.7,1.54,0,95.6,77.5,88.5,Meets SLA
2026-05,SUP-107,CAT-010,83.2,1.8,0,99.5,97.6,90.8,Meets SLA
2026-06,SUP-107,CAT-010,84.8,1.58,0,91.6,84.4,87.9,Meets SLA
2025-01,SUP-108,CAT-010,83.2,2.85,0,95.8,88.9,87.1,Meets SLA
2025-02,SUP-108,CAT-010,94.2,3.23,0,99.1,73.0,88.2,Meets SLA
2025-03,SUP-108,CAT-010,90.3,2.0,0,97.2,84.2,90.3,Meets SLA
2025-04,SUP-108,CAT-010,84.6,2.5,0,95.0,97.5,89.5,Meets SLA
2025-05,SUP-108,CAT-010,86.5,2.61,0,99.8,76.4,87.1,Meets SLA
2025-06,SUP-108,CAT-010,96.0,2.95,0,99.8,91.9,92.8,Meets SLA
2025-07,SUP-108,CAT-010,86.8,2.44,0,93.8,66.4,84.6,Watch
2025-08,SUP-108,CAT-010,98.7,3.37,0,95.0,76.6,89.6,Meets SLA
2025-09,SUP-108,CAT-010,85.1,2.29,0,90.1,87.4,87.3,Meets SLA
2025-10,SUP-108,CAT-010,90.4,2.34,0,96.6,68.8,86.9,Meets SLA
2025-11,SUP-108,CAT-010,84.3,2.12,0,92.2,73.6,85.1,Watch
2025-12,SUP-108,CAT-010,90.6,1.62,0,93.6,84.9,90.4,Meets SLA
2026-01,SUP-108,CAT-010,84.0,1.37,0,89.6,81.8,87.1,Meets SLA
2026-02,SUP-108,CAT-010,87.9,2.53,0,93.6,87.7,88.6,Meets SLA
2026-03,SUP-108,CAT-010,93.6,2.6,0,91.0,81.3,89.0,Meets SLA
2026-04,SUP-108,CAT-010,96.4,2.55,0,93.2,86.3,91.3,Meets SLA
2026-05,SUP-108,CAT-010,86.8,2.16,0,95.1,84.4,88.4,Meets SLA
2026-06,SUP-108,CAT-010,86.2,1.49,0,99.8,87.5,90.6,Meets SLA
2025-01,SUP-109,CAT-010,90.6,1.64,0,89.9,78.6,88.6,Meets SLA
2025-02,SUP-109,CAT-010,92.6,0.16,0,94.4,73.6,91.4,Meets SLA
2025-03,SUP-109,CAT-010,90.2,1.65,0,94.6,85.7,90.6,Meets SLA
2025-04,SUP-109,CAT-010,87.2,2.84,0,96.6,83.0,87.6,Meets SLA
2025-05,SUP-109,CAT-010,92.8,1.54,0,99.1,80.5,91.5,Meets SLA
2025-06,SUP-109,CAT-010,87.2,2.96,0,96.2,93.2,89.2,Meets SLA
2025-07,SUP-109,CAT-010,95.1,1.67,0,96.1,80.6,91.6,Meets SLA
2025-08,SUP-109,CAT-010,88.1,2.41,0,95.5,80.3,87.9,Meets SLA
2025-09,SUP-109,CAT-010,85.9,0.92,0,93.3,87.4,90.1,Meets SLA
2025-10,SUP-109,CAT-010,82.5,2.66,0,92.8,85.8,86.0,Meets SLA
2025-11,SUP-109,CAT-010,94.9,2.17,0,94.5,88.0,91.9,Meets SLA
2025-12,SUP-109,CAT-010,81.1,3.3,0,91.3,83.9,84.0,Watch
2026-01,SUP-109,CAT-010,83.4,3.01,0,93.7,83.7,85.6,Watch
2026-02,SUP-109,CAT-010,80.1,2.17,0,94.6,80.9,85.3,Watch
2026-03,SUP-109,CAT-010,95.3,1.36,0,96.3,83.9,92.8,Meets SLA
2026-04,SUP-109,CAT-010,88.8,3.14,0,93.2,83.5,87.2,Meets SLA
2026-05,SUP-109,CAT-010,92.7,2.4,0,92.7,84.2,89.8,Meets SLA
2026-06,SUP-109,CAT-010,76.2,3.15,0,87.9,83.7,81.8,Watch
2025-01,SUP-110,CAT-010,86.2,3.39,0,94.3,86.5,86.7,Meets SLA
2025-02,SUP-110,CAT-010,91.5,3.93,0,95.3,96.3,89.8,Meets SLA
2025-03,SUP-110,CAT-010,85.8,3.5,0,92.6,86.1,86.0,Watch
2025-04,SUP-110,CAT-010,91.7,2.04,1,97.3,86.3,88.6,Meets SLA
2025-05,SUP-110,CAT-010,96.6,1.84,0,95.3,80.2,91.7,Meets SLA
2025-06,SUP-110,CAT-010,91.0,1.53,0,89.6,90.4,90.9,Meets SLA
2025-07,SUP-110,CAT-010,95.4,1.89,0,94.2,99,94.4,Meets SLA
2025-08,SUP-110,CAT-010,91.0,1.99,0,95.7,94.1,92.1,Meets SLA
2025-09,SUP-110,CAT-010,84.8,2.02,0,91.4,76.1,85.8,Watch
2025-10,SUP-110,CAT-010,89.8,1.7,0,92.9,86.6,90.2,Meets SLA
2025-11,SUP-110,CAT-010,87.3,2.61,0,93.8,92.2,89.1,Meets SLA
2025-12,SUP-110,CAT-010,93.6,2.87,0,92.0,78.5,88.2,Meets SLA
2026-01,SUP-110,CAT-010,90.2,2.47,0,90.6,97.4,90.8,Meets SLA
2026-02,SUP-110,CAT-010,84.0,3.1,0,92.8,96.0,87.8,Meets SLA
2026-03,SUP-110,CAT-010,92.8,1.09,0,99.3,85.5,93.1,Meets SLA
2026-04,SUP-110,CAT-010,94.0,1.16,0,99.8,86.1,93.6,Meets SLA
2026-05,SUP-110,CAT-010,91.3,3.56,0,95.0,86.0,88.3,Meets SLA
2026-06,SUP-110,CAT-010,81.2,1.52,0,96.1,76.2,86.1,Meets SLA
2025-01,SUP-111,CAT-010,85.5,1.23,0,96.0,91.9,90.8,Meets SLA
2025-02,SUP-111,CAT-010,87.1,3.05,0,96.0,82.8,87.1,Meets SLA
2025-03,SUP-111,CAT-010,72.5,1.44,0,95.6,84.3,84.4,Watch
2025-04,SUP-111,CAT-010,98.1,1.23,0,99.5,83.2,94.4,Meets SLA
2025-05,SUP-111,CAT-010,88.6,0.55,0,93.5,75.9,89.6,Meets SLA
2025-06,SUP-111,CAT-010,96.6,3.2,0,92.2,84.9,90.0,Meets SLA
2025-07,SUP-111,CAT-010,85.9,2.01,0,87.8,76.6,85.6,Watch
2025-08,SUP-111,CAT-010,90.6,1.48,0,99.8,91.6,92.9,Meets SLA
2025-09,SUP-111,CAT-010,93.0,0.6,0,91.7,83.6,92.1,Meets SLA
2025-10,SUP-111,CAT-010,89.0,3.36,0,92.4,93.5,88.7,Meets SLA
2025-11,SUP-111,CAT-010,88.1,1.94,0,89.7,75.4,86.6,Meets SLA
2025-12,SUP-111,CAT-010,83.8,0.41,0,94.9,83.3,89.6,Meets SLA
2026-01,SUP-111,CAT-010,83.5,1.24,0,98.7,76.5,87.8,Meets SLA
2026-02,SUP-111,CAT-010,95.1,2.84,0,98.0,74.7,89.2,Meets SLA
2026-03,SUP-111,CAT-010,85.0,2.62,0,94.3,86.9,87.5,Meets SLA
2026-04,SUP-111,CAT-010,86.7,0.71,0,93.8,86.8,90.7,Meets SLA
2026-05,SUP-111,CAT-010,84.2,0.4,0,92.6,76.6,88.2,Meets SLA
2026-06,SUP-111,CAT-010,86.9,0.74,0,93.2,72.7,88.1,Meets SLA
2025-01,SUP-112,CAT-010,90.0,2.84,0,91.6,79.2,87.1,Meets SLA
2025-02,SUP-112,CAT-010,77.8,2.0,0,90.8,86.1,85.0,Watch
2025-03,SUP-112,CAT-010,90.7,3.71,0,93.7,78.2,86.3,Meets SLA
2025-04,SUP-112,CAT-010,93.0,2.38,0,93.0,74.1,88.1,Meets SLA
2025-05,SUP-112,CAT-010,91.6,3.94,0,99.8,80.8,87.8,Meets SLA
2025-06,SUP-112,CAT-010,88.4,2.09,0,91.4,77.0,87.1,Meets SLA
2025-07,SUP-112,CAT-010,86.0,2.47,0,95.0,82.8,87.4,Meets SLA
2025-08,SUP-112,CAT-010,84.2,2.11,0,94.0,76.7,86.0,Watch
2025-09,SUP-112,CAT-010,80.8,2.9,0,93.8,77.8,83.8,Watch
2025-10,SUP-112,CAT-010,85.2,3.0,0,99.1,81.1,86.8,Meets SLA
2025-11,SUP-112,CAT-010,85.5,3.58,0,91.7,82.2,84.9,Watch
2025-12,SUP-112,CAT-010,72.9,1.84,0,96.2,76.6,82.7,Watch
2026-01,SUP-112,CAT-010,89.2,1.62,0,96.4,75.3,88.7,Meets SLA
2026-02,SUP-112,CAT-010,79.2,2.69,0,93.7,83.9,84.6,Watch
2026-03,SUP-112,CAT-010,87.4,3.19,0,96.6,77.3,86.2,Meets SLA
2026-04,SUP-112,CAT-010,85.6,3.47,0,96.3,92.2,87.8,Meets SLA
2026-05,SUP-112,CAT-010,72.2,4.13,0,95.6,72.5,78.3,Watch
2026-06,SUP-112,CAT-010,81.0,4.17,1,93.0,81.4,80.0,Watch
2025-01,SUP-113,CAT-010,81.9,3.69,0,92.4,88.1,84.6,Watch
2025-02,SUP-113,CAT-010,83.8,0.8,0,97.1,92.1,91.1,Meets SLA
2025-03,SUP-113,CAT-010,89.2,3.7,0,87.6,72.4,83.6,Watch
2025-04,SUP-113,CAT-010,86.3,1.61,0,89.0,76.8,86.6,Meets SLA
2025-05,SUP-113,CAT-010,87.1,1.88,0,90.6,87.5,88.7,Meets SLA
2025-06,SUP-113,CAT-010,81.5,0.64,0,87.9,81.9,87.0,Meets SLA
2025-07,SUP-113,CAT-010,80.0,3.41,0,90.2,88.7,84.1,Watch
2025-08,SUP-113,CAT-010,83.8,1.95,0,89.3,82.6,86.3,Meets SLA
2025-09,SUP-113,CAT-010,76.4,1.81,0,91.9,86.1,84.9,Watch
2025-10,SUP-113,CAT-010,88.8,2.72,0,85.7,92.2,88.1,Meets SLA
2025-11,SUP-113,CAT-010,89.9,1.86,0,91.2,83.1,89.1,Meets SLA
2025-12,SUP-113,CAT-010,87.6,2.72,0,89.2,84.1,86.8,Meets SLA
2026-01,SUP-113,CAT-010,94.2,1.39,0,98.2,98.6,95.3,Meets SLA
2026-02,SUP-113,CAT-010,78.7,2.54,0,90.9,81.1,83.6,Watch
2026-03,SUP-113,CAT-010,89.5,2.67,0,93.8,84.4,88.5,Meets SLA
2026-04,SUP-113,CAT-010,76.7,2.41,0,94.0,67.1,81.1,Watch
2026-05,SUP-113,CAT-010,83.0,3.39,0,93.9,83.3,84.9,Watch
2026-06,SUP-113,CAT-010,88.1,2.47,0,93.4,74.8,86.4,Meets SLA
2025-01,SUP-114,CAT-010,99,2.1,0,94.6,92.7,94.3,Meets SLA
2025-02,SUP-114,CAT-010,99,1.17,1,93.9,94.3,93.3,Meets SLA
2025-03,SUP-114,CAT-010,89.8,1.97,0,95.6,85.6,90.1,Meets SLA
2025-04,SUP-114,CAT-010,83.3,2.95,0,98.9,92.3,88.2,Meets SLA
2025-05,SUP-114,CAT-010,99,0.1,0,91.4,85.1,95.3,Meets SLA
2025-06,SUP-114,CAT-010,86.2,1.82,0,93.7,93.5,90.1,Meets SLA
2025-07,SUP-114,CAT-010,88.2,1.0,0,93.5,85.8,90.6,Meets SLA
2025-08,SUP-114,CAT-010,96.7,2.99,0,92.7,76.9,89.0,Meets SLA
2025-09,SUP-114,CAT-010,91.2,2.91,0,95.7,68.2,86.1,Meets SLA
2025-10,SUP-114,CAT-010,86.8,1.23,0,93.8,96.8,91.8,Meets SLA
2025-11,SUP-114,CAT-010,90.8,2.19,0,96.2,88.1,90.7,Meets SLA
2025-12,SUP-114,CAT-010,94.1,2.67,0,99.3,99,93.7,Meets SLA
2026-01,SUP-114,CAT-010,96.4,1.12,0,94.1,76.1,91.7,Meets SLA
2026-02,SUP-114,CAT-010,77.7,1.82,0,92.1,81.9,84.7,Watch
2026-03,SUP-114,CAT-010,95.0,1.61,0,98.1,93.4,94.4,Meets SLA
2026-04,SUP-114,CAT-010,92.2,2.78,0,98.8,86.8,90.6,Meets SLA
2026-05,SUP-114,CAT-010,83.2,1.85,0,99.8,98.1,90.9,Meets SLA
2026-06,SUP-114,CAT-010,96.6,3.81,0,96.0,90.9,90.9,Meets SLA
2025-01,SUP-115,CAT-010,88.2,2.08,0,96.4,89.2,90.2,Meets SLA
2025-02,SUP-115,CAT-010,89.7,0.67,0,90.9,77.4,89.6,Meets SLA
2025-03,SUP-115,CAT-010,86.4,2.27,0,99.1,99,91.5,Meets SLA
2025-04,SUP-115,CAT-010,87.0,3.15,0,97.9,85.7,87.8,Meets SLA
2025-05,SUP-115,CAT-010,86.1,0.88,0,97.0,92.4,91.8,Meets SLA
2025-06,SUP-115,CAT-010,85.7,0.66,0,99.8,84.3,91.0,Meets SLA
2025-07,SUP-115,CAT-010,85.0,2.42,0,94.2,92.4,88.7,Meets SLA
2025-08,SUP-115,CAT-010,86.2,1.61,0,99.8,86.8,90.3,Meets SLA
2025-09,SUP-115,CAT-010,90.8,0.1,0,94.3,89.8,93.7,Meets SLA
2025-10,SUP-115,CAT-010,96.5,1.15,0,93.7,85.3,93.3,Meets SLA
2025-11,SUP-115,CAT-010,89.7,0.45,0,87.0,87.9,91.1,Meets SLA
2025-12,SUP-115,CAT-010,83.0,0.57,0,99.8,88.6,91.0,Meets SLA
2026-01,SUP-115,CAT-010,82.1,0.74,0,90.1,87.0,88.4,Meets SLA
2026-02,SUP-115,CAT-010,87.9,1.16,0,93.8,94.3,91.8,Meets SLA
2026-03,SUP-115,CAT-010,99,1.43,0,94.3,99,96.4,Meets SLA
2026-04,SUP-115,CAT-010,88.8,2.0,0,95.9,88.2,90.2,Meets SLA
2026-05,SUP-115,CAT-010,88.2,2.37,0,99.0,98.8,91.9,Meets SLA
2026-06,SUP-115,CAT-010,93.0,1.49,0,98.3,87.9,92.8,Meets SLA
2025-01,SUP-116,CAT-010,84.2,2.18,0,90.0,86.3,86.9,Meets SLA
2025-02,SUP-116,CAT-010,82.4,3.1,0,95.3,81.2,85.0,Watch
2025-03,SUP-116,CAT-010,79.7,1.91,0,98.3,82.9,86.5,Meets SLA
2025-04,SUP-116,CAT-010,90.3,2.26,0,91.1,82.9,88.6,Meets SLA
2025-05,SUP-116,CAT-010,88.1,2.45,0,91.7,73.8,86.0,Watch
2025-06,SUP-116,CAT-010,95.1,1.87,0,90.8,87.6,91.6,Meets SLA
2025-07,SUP-116,CAT-010,86.5,1.67,0,93.4,83.5,88.6,Meets SLA
2025-08,SUP-116,CAT-010,88.0,0.1,0,88.6,87.8,91.3,Meets SLA
2025-09,SUP-116,CAT-010,89.1,4.45,0,94.4,86.5,86.2,Meets SLA
2025-10,SUP-116,CAT-010,87.5,3.11,0,91.9,87.9,87.4,Meets SLA
2025-11,SUP-116,CAT-010,76.0,1.74,0,94.2,91.2,86.2,Meets SLA
2025-12,SUP-116,CAT-010,97.8,2.27,0,87.3,92.2,92.2,Meets SLA
2026-01,SUP-116,CAT-010,86.7,2.67,0,90.2,86.1,87.1,Meets SLA
2026-02,SUP-116,CAT-010,88.0,2.24,0,96.1,81.8,88.5,Meets SLA
2026-03,SUP-116,CAT-010,78.9,0.98,0,91.3,70.5,84.1,Watch
2026-04,SUP-116,CAT-010,88.2,1.93,0,98.7,87.2,90.4,Meets SLA
2026-05,SUP-116,CAT-010,90.7,2.66,0,87.3,87.2,88.2,Meets SLA
2026-06,SUP-116,CAT-010,90.9,2.04,0,96.6,94.9,92.2,Meets SLA
2025-01,SUP-117,CAT-010,85.6,2.62,0,91.5,81.0,86.1,Meets SLA
2025-02,SUP-117,CAT-010,92.1,1.57,0,88.5,89.4,90.9,Meets SLA
2025-03,SUP-117,CAT-010,93.2,1.49,0,91.7,95.6,93.1,Meets SLA
2025-04,SUP-117,CAT-010,90.6,1.62,0,93.1,93.1,91.8,Meets SLA
2025-05,SUP-117,CAT-010,92.7,1.36,0,93.1,91.9,92.7,Meets SLA
2025-06,SUP-117,CAT-010,84.5,2.2,0,91.1,88.1,87.5,Meets SLA
2025-07,SUP-117,CAT-010,87.5,1.75,0,90.4,87.1,88.9,Meets SLA
2025-08,SUP-117,CAT-010,80.7,2.18,0,92.4,90.6,86.9,Meets SLA
2025-09,SUP-117,CAT-010,84.3,1.25,0,94.4,80.8,88.1,Meets SLA
2025-10,SUP-117,CAT-010,95.9,3.19,0,95.5,83.1,90.1,Meets SLA
2025-11,SUP-117,CAT-010,75.8,1.37,0,93.4,87.7,85.9,Watch
2025-12,SUP-117,CAT-010,83.3,3.44,0,93.3,86.8,85.4,Watch
2026-01,SUP-117,CAT-010,75.7,2.24,0,99.8,82.1,84.8,Watch
2026-02,SUP-117,CAT-010,75.3,3.07,0,94.2,87.0,83.3,Watch
2026-03,SUP-117,CAT-010,85.2,2.19,0,92.5,74.5,85.6,Watch
2026-04,SUP-117,CAT-010,98.1,2.53,0,90.2,90.8,92.3,Meets SLA
2026-05,SUP-117,CAT-010,94.6,1.32,0,94.0,87.0,92.7,Meets SLA
2026-06,SUP-117,CAT-010,85.7,2.08,0,88.7,82.5,86.7,Meets SLA
2025-01,SUP-118,CAT-010,83.9,1.97,0,94.7,71.2,85.2,Watch
2025-02,SUP-118,CAT-010,86.0,2.32,0,94.0,89.2,88.6,Meets SLA
2025-03,SUP-118,CAT-010,97.5,2.33,0,96.1,81.3,91.7,Meets SLA
2025-04,SUP-118,CAT-010,95.5,1.22,0,92.4,85.7,92.7,Meets SLA
2025-05,SUP-118,CAT-010,95.5,1.49,0,92.1,72.7,89.9,Meets SLA
2025-06,SUP-118,CAT-010,88.9,1.35,0,96.3,72.5,88.5,Meets SLA
2025-07,SUP-118,CAT-010,85.2,2.21,0,92.9,85.6,87.6,Meets SLA
2025-08,SUP-118,CAT-010,89.9,0.26,0,91.4,76.3,90.2,Meets SLA
2025-09,SUP-118,CAT-010,89.4,1.65,0,94.9,76.4,88.6,Meets SLA
2025-10,SUP-118,CAT-010,90.5,2.98,0,92.6,81.6,87.7,Meets SLA
2025-11,SUP-118,CAT-010,90.1,1.63,0,96.9,81.1,90.1,Meets SLA
2025-12,SUP-118,CAT-010,82.0,2.49,0,91.9,85.2,85.8,Watch
2026-01,SUP-118,CAT-010,79.5,1.79,0,94.8,67.4,83.3,Watch
2026-02,SUP-118,CAT-010,87.3,2.11,0,90.1,87.8,88.4,Meets SLA
2026-03,SUP-118,CAT-010,85.1,1.47,0,92.4,83.5,88.2,Meets SLA
2026-04,SUP-118,CAT-010,94.0,1.58,1,92.0,88.5,89.6,Meets SLA
2026-05,SUP-118,CAT-010,88.7,3.0,0,95.9,88.9,88.9,Meets SLA
2026-06,SUP-118,CAT-010,87.0,1.99,0,96.4,86.5,89.4,Meets SLA
2025-01,SUP-119,CAT-010,84.6,1.31,0,95.6,93.3,90.6,Meets SLA
2025-02,SUP-119,CAT-010,85.5,1.55,0,88.8,87.3,88.2,Meets SLA
2025-03,SUP-119,CAT-010,80.8,2.56,0,93.7,79.1,84.5,Watch
2025-04,SUP-119,CAT-010,88.3,0.83,0,89.8,90.0,90.9,Meets SLA
2025-05,SUP-119,CAT-010,88.3,1.3,0,93.1,81.3,89.3,Meets SLA
2025-06,SUP-119,CAT-010,76.9,2.56,0,92.2,84.4,83.8,Watch
2025-07,SUP-119,CAT-010,89.7,3.06,0,89.1,90.4,88.2,Meets SLA
2025-08,SUP-119,CAT-010,92.7,3.96,0,90.5,90.0,88.2,Meets SLA
2025-09,SUP-119,CAT-010,78.4,2.78,0,99.8,92.8,86.9,Meets SLA
2025-10,SUP-119,CAT-010,91.9,1.48,0,93.9,74.3,89.2,Meets SLA
2025-11,SUP-119,CAT-010,94.8,3.64,0,98.9,87.8,90.5,Meets SLA
2025-12,SUP-119,CAT-010,78.8,2.54,0,93.8,83.8,84.7,Watch
2026-01,SUP-119,CAT-010,69.5,3.9,0,94.6,76.9,78.3,Watch
2026-02,SUP-119,CAT-010,97.6,2.41,0,92.9,81.0,91.0,Meets SLA
2026-03,SUP-119,CAT-010,86.9,3.93,0,92.2,87.6,86.0,Watch
2026-04,SUP-119,CAT-010,75.0,3.05,0,93.8,80.9,82.0,Watch
2026-05,SUP-119,CAT-010,84.2,1.5,0,94.4,81.6,87.8,Meets SLA
2026-06,SUP-119,CAT-010,91.2,2.35,0,94.8,92.4,91.1,Meets SLA
